,A,B,C,D
2000-01-01,-1.962732009140752,1.584820527349018,0.6479677910098883,-1.1390081931169653
2000-01-02,-3.177133392100011,2.4557823095206377,-0.23000282552598184,0.15714167441091798
2000-01-03,-2.5606740794738556,2.9923788300874614,0.17469263008831848,0.34859254643482973
2000-01-04,-1.680162880296745,2.538298467571856,0.26064460352270313,1.1005391341120254
2000-01-05,-1.117173161710617,1.3433116623031958,-0.23976506378156082,1.35334263953118
2000-01-06,-1.525187870750514,3.117970223276529,-0.6329182585356736,1.1911241919544893
2000-01-07,-0.7557576925732101,3.4485029665114446,-0.7781927157404429,0.434630663073741
2000-01-08,-0.45424363517644395,4.487599406889837,-0.29909749164221433,-0.34355285838238125
2000-01-09,1.282531321800267,3.0410215168539425,-1.8817831334450035,0.6170043660748471
2000-01-10,1.5083718004029572,2.4915229705499025,-2.9803538610003333,2.937804205355145
2000-01-11,1.6254626725583992,3.025724141395674,-2.662468763762152,3.3726121630863033
2000-01-12,2.165557133083205,3.75814815115055,-3.0376911645228244,3.080970176734459
2000-01-13,0.42453432472430364,2.977843744649011,-2.7665783680761096,4.12599355223715
2000-01-14,1.0235738511004877,2.6371514007710806,-4.029751280161264,1.3486344068097162
2000-01-15,2.175307825881287,2.0479224142609307,-4.478216286365323,1.480208374717785
2000-01-16,0.7697477784893971,1.6981402341493939,-2.454744336595349,1.9855953132951276
2000-01-17,1.1289969350028535,0.1156457561676354,-0.21114244201270882,0.5628004046687849
2000-01-18,3.051321690447252,-1.999410259020172,1.1942229967117115,2.1808546736690104
2000-01-19,2.2269125691194174,-1.5768298867472894,1.7417035688163764,1.3670601904377047
2000-01-20,0.777794958382487,-2.8945472298880546,2.282711788776184,1.281944587918299
2000-01-21,0.2134939250803266,-1.9277792187215943,2.7907796981676616,0.5264818615526655
2000-01-22,-0.9877075939370626,-1.4045174800335174,2.2531963296095996,0.6256867240841679
2000-01-23,0.588591378690655,-0.9021892399587378,1.390929329856363,0.7863479139039408
2000-01-24,-0.3640535741247327,0.7063329159899859,0.8293505802531421,0.9936186608775595
2000-01-25,-0.05632099944530072,0.8655833843636884,-1.1291983748833965,-0.45280240310576914
2000-01-26,-0.5086712750143925,1.1850152176952191,-1.266977589169167,-1.409949876256786
2000-01-27,-1.8570955941360934,0.7834576731958756,-1.7354536338488902,-0.8971134186640293
2000-01-28,-2.1834140562944113,1.386165329625205,-2.3301034035692956,-1.1530710878782977
2000-01-29,-2.5314604359370305,0.6037983627231153,-1.7049847471355655,-1.9666670849728047
2000-01-30,-3.0531019459076494,0.5306787167749181,-3.0023644030923053,-2.2916020432933037
2000-01-31,-3.764408305650438,0.1425245242926685,-3.062292405763396,-3.0915156664339687
2000-02-01,-3.9844840854707932,1.4511932766448477,-3.088090964017883,-1.946253493414744
2000-02-02,-3.6379896434640324,2.225353886463664,-3.862549932788709,-1.8413463283292313
2000-02-03,-3.5040767208485564,1.6127281475887283,-4.6853782570829905,-3.3316117162365293
2000-02-04,-2.007937083896924,0.6403252582362307,-3.3391571838606904,-3.799104889894383
2000-02-05,-2.870430383621658,1.2628443985412283,-3.9703491256075476,-3.230645970970106
2000-02-06,-3.2032421484738673,1.7432688946590151,-4.938535189514653,-2.399294912985338
2000-02-07,-2.715269465810863,0.8236182045963534,-2.295599468499911,-1.8591718865848437
2000-02-08,-0.42480239528032415,2.4238860233451125,-2.4844342487176947,-2.2714436411893866
2000-02-09,-0.8282615787011254,0.5938574729173023,-3.180269368067242,-2.024677617209416
2000-02-10,0.697695982183683,-0.1789144100608998,-2.2982127687042313,-3.277270958712735
2000-02-11,0.11137595697255065,-0.6365550043504258,-1.9264016872067378,-2.819961311991924
2000-02-12,1.073717701786896,0.13428195605451088,-1.683233471804246,-2.4295963684833017
2000-02-13,2.6622483928844285,-0.3766442251777522,-0.908505152737084,-4.2377402949815535
2000-02-14,3.0735826357820373,-0.8598937676568597,-0.905933970305574,-3.1976540499278503
2000-02-15,3.238226445308435,0.025293773552067633,0.5678308448328309,-2.80856008106213
2000-02-16,4.409267509928924,-0.3012672041271401,0.5596209625632168,-3.331179497460608
2000-02-17,5.4522451045753,0.11282414966645499,0.0523865006682942,-3.176510663814276
2000-02-18,6.493813493393882,0.0735561586285018,-0.8965463101814692,-3.0445989080268636
2000-02-19,4.513247902324942,0.8423268030279768,-1.3178738975061497,-3.5139096443059703
2000-02-20,5.388943581104448,-0.5228360741971919,0.6292247453142081,-3.9941516860441935
2000-02-21,4.865692637719553,0.49838866896997114,1.3379200184246347,-1.5429219669691174
2000-02-22,4.654486654088033,0.37798203030556143,-0.1413959615386189,-1.8750242443179426
2000-02-23,3.933055358516277,-0.07078498279993772,-1.885583718092574,-0.21441668442342854
2000-02-24,2.5164518760906365,-2.8729877811916507,-3.0740081396755934,-0.8182562372195795
2000-02-25,1.3668978128335183,-1.7746842404591383,-3.2118473182716873,-0.7928706328131205
2000-02-26,1.9772895771389312,-1.4886717134810203,-2.2332800208256445,-1.9023481864492657
2000-02-27,1.4297714764594995,-0.8227045674114826,-4.767834482909874,-3.2775326657665067
2000-02-28,1.930763708639446,-1.302953602406408,-3.831726932800177,-2.4683523689133438
2000-02-29,0.7326708284484078,-0.8962965149395268,-2.6300290771326704,-2.3209179672623717
2000-03-01,-0.24479404879746136,-0.016906573026156724,-1.994604550578675,-1.7783071837635753
2000-03-02,0.4711448446395303,-3.011519433253776,-1.1136669894977034,0.0298246268154001
2000-03-03,0.9077833192688234,-2.818790436754049,-0.4172283161062641,0.3680501005005154
2000-03-04,1.5595645809694394,-2.817319436508638,-1.1839331706431644,-0.636272611714098
2000-03-05,0.5613728527375753,-4.190361987459533,-2.2516751816622707,1.1249935157057651
2000-03-06,1.315468516393818,-4.8153893781442045,-2.6420678756477787,1.2375510466122195
2000-03-07,0.6599234869094599,-4.74787252096988,-1.8644637377448667,1.201808313064046
2000-03-08,0.995939229571452,-3.8613809816102638,-2.136595493763075,1.4865989121984091
2000-03-09,0.6865616366880907,-3.8899098514446804,-2.4613257588460353,0.9577290586422939
2000-03-10,0.8602734896751141,-3.323364535626468,-2.315021312844991,1.4564560169542258
2000-03-11,0.12234170943388423,-4.527099727826247,-1.8979778098773874,2.1443374081289805
2000-03-12,0.17219897603370687,-3.179063947401528,-0.9902790118894887,4.824908248897981
2000-03-13,-0.028609537961958698,-4.177912743496896,-1.7304158026290022,4.259410442523325
2000-03-14,0.4474218454761558,-6.3359813074581535,-0.41186478453816555,4.02011385138098
2000-03-15,0.20062828768740404,-7.415324473483149,-0.5260903359883458,4.033353619048514
2000-03-16,0.07868336008712677,-7.076265217540718,-1.1157223779393757,3.1375378586376867
2000-03-17,0.6270114905851066,-6.977597763724923,-0.9185413227420083,4.196565113079653
2000-03-18,-0.395552900675579,-7.832838220975787,0.33867832808698584,2.7136817555056103
2000-03-19,-1.7049650470065933,-7.014976389790791,0.5768785201090245,2.8189138925648862
2000-03-20,-1.7966244551069765,-6.983708842763221,0.4847664054170686,4.1743565951593045
2000-03-21,-2.1947725838570515,-7.145082379041,2.279215210642142,4.20186629718914
2000-03-22,0.03724380566812613,-7.250062080059953,3.6466301931023004,2.5465222588794623
2000-03-23,0.1908882664837925,-8.834535643210888,4.491084499706886,1.3336544426704375
2000-03-24,0.47465782086713804,-9.116731519901323,3.3328813145228575,-0.2857055402271049
2000-03-25,-0.03638264271297176,-7.376102074005993,3.03939625963348,0.6315160018887511
2000-03-26,-0.0934255103751599,-6.49937530031554,1.2124848813289624,0.2283276950392178
2000-03-27,0.8559800134180588,-6.662630249148719,1.1260295986179152,-0.20213421684657518
2000-03-28,2.005359396785183,-6.365115895193773,1.1700518747932631,0.44092032849271756
2000-03-29,2.5935843259031195,-6.152528848756236,2.7170833717841076,0.3806327948535985
2000-03-30,2.8716653738710636,-6.795481402109127,2.8671985987902366,1.968394318598966
2000-03-31,2.228407772082325,-7.929074227747586,3.863958241610052,1.819628166365287
2000-04-01,2.324411977052095,-7.974187531440921,3.9430799655395874,2.670158849888725
2000-04-02,1.4852877864528211,-8.98596161554641,4.028048102577295,1.0637191604388923
2000-04-03,0.11223425041089263,-7.119278467214783,4.785516432638699,1.0536626885698777
2000-04-04,1.3502411863693324,-8.159877697299928,4.469913309252841,1.6771162979942602
2000-04-05,2.240912867800727,-7.646960850472151,1.9286745015646165,0.7090341803296822
2000-04-06,2.7179809601575924,-8.002912343518958,4.468906122323788,1.6355924812967788
2000-04-07,3.276062840776258,-9.11986189726568,4.4336093827208725,1.8767964455157313
2000-04-08,4.40384647090406,-8.238730800166048,5.466598577240818,0.9528844297057293
2000-04-09,5.815998169202691,-9.619161552473317,4.9306840155746565,1.3836555646513706
2000-04-10,5.666106577469552,-10.625198410393708,4.109134189971524,-0.16459875819767178
2000-04-11,6.198081216476743,-9.364629565351558,4.008740686570158,-0.5649475732110951
2000-04-12,4.725758288010254,-8.45142764109938,6.220045019809651,-2.3624033775779925
2000-04-13,3.6623253498556467,-9.131020683643525,5.655727110127161,-2.1350574274345115
2000-04-14,5.276574897135874,-8.122423396783422,6.183324492901477,-2.8589861314931135
2000-04-15,4.15694666345542,-8.919198703089723,7.731391294280216,-2.9207294329510147
2000-04-16,3.7101104097927986,-9.102954433339715,8.556009513918683,-4.233579107500806
2000-04-17,5.124984545715221,-8.946478176393416,8.339665535622958,-3.7907329937540672
2000-04-18,5.343381618845158,-9.290674632860798,8.08695486358135,-4.659595540620019
2000-04-19,5.999772369704461,-9.82266844227196,7.130696441149068,-4.493732017966482
2000-04-20,7.328913652450014,-9.871013066051779,6.522595184197378,-4.089835997130509
2000-04-21,9.265626114852566,-11.322918595483525,6.9047979719826715,-3.8847493718986548
2000-04-22,10.427159918411682,-10.33200942179868,6.718088860172893,-5.569266627323538
2000-04-23,11.233723686307941,-11.167202111990164,5.7713484492157034,-4.420916046632412
2000-04-24,10.322873308669289,-9.764357371889922,6.1071931706210165,-4.101797646546129
2000-04-25,10.63013808917488,-11.402780997631714,4.33080455427444,-3.886244592757444
2000-04-26,11.1981454484013,-11.320169965475513,3.509270037254913,-3.8673224888752493
2000-04-27,11.116111295255816,-12.277328063750923,4.523242191367074,-5.597598550425335
2000-04-28,11.704853702063323,-11.893004658539677,5.532954046178788,-6.602910422774194
2000-04-29,11.806260848731535,-9.721839709221511,6.1950283351784945,-6.502329214045231
2000-04-30,12.345422122845731,-9.635662866841392,8.385926348418334,-5.518693018256052
2000-05-01,12.259807168615234,-9.38333143545687,7.99512835233732,-4.308842891845747
2000-05-02,10.853702397224223,-10.988069965317857,9.453843102013314,-2.155723099275164
2000-05-03,11.322007304913814,-10.87533202408212,10.111110792318092,-2.8027766256579234
2000-05-04,11.493250850066026,-10.836423318225904,10.737675043063453,-4.3607751538413195
2000-05-05,10.98621608030069,-9.991427715225067,10.06208121543339,-5.354136529264455
2000-05-06,13.028288230127643,-9.953309715045666,9.483163075490182,-7.046506966738564
2000-05-07,13.75763457640807,-9.254173561326972,9.184403474920247,-8.148737157645655
2000-05-08,13.73308515276569,-10.090029628808594,8.242309886047131,-8.251949909107363
2000-05-09,12.681694754105626,-9.843380673556148,8.850302395453529,-9.091582356280554
2000-05-10,11.313449658767235,-8.282101074600341,7.910032159496324,-9.751525061382893
2000-05-11,11.526466826197122,-7.682731702078044,7.653715265806681,-9.290730733681636
2000-05-12,11.125480668300721,-8.653902366902434,9.080032126593707,-6.802289119350508
2000-05-13,12.82145020131489,-8.51209572774898,10.913467488409385,-6.446585603626524
2000-05-14,12.34416393091166,-8.045716153367001,10.8190749819982,-7.429703787372231
2000-05-15,11.445841959479644,-7.243664414626485,8.972543000333527,-6.825567046929547
2000-05-16,9.816258356731206,-9.364840859528922,7.133696396575028,-4.858803074994807
2000-05-17,9.620024391787664,-9.278257679363502,8.55295144248598,-3.924623326495082
2000-05-18,8.228519122383444,-8.409251336544742,8.737132707189527,-4.266301424090963
2000-05-19,8.252810036521225,-7.12943931591672,7.8511662251485745,-3.8654157449868416
2000-05-20,8.243152799988318,-8.92660393131234,7.048913053417763,-3.6722021917531453
2000-05-21,9.540494889081208,-7.9252729139656095,7.646125557821188,-4.4874778528896035
2000-05-22,11.341708879889742,-7.710032446325998,6.639760036142638,-4.6703828337465545
2000-05-23,12.237957305245901,-7.70241494800784,7.5266247227253995,-3.5666888762844042
2000-05-24,12.638487989844608,-8.560117571054734,7.66207938591538,-3.5215230203455734
2000-05-25,14.497834323696235,-10.186439508881564,7.527256934821026,-4.105616567140492
2000-05-26,14.832939943892233,-12.624003868080921,8.642181494311306,-4.091868079804959
2000-05-27,12.988238780264187,-12.985117002820788,9.25114383596583,-5.683315955262991
2000-05-28,12.991460996707342,-14.042590650622317,8.695158804086864,-5.656577572588354
2000-05-29,13.174911250288918,-14.513333148805044,8.967955193617128,-4.8385999653335485
2000-05-30,12.895996975185678,-13.081765391355754,10.430169364397546,-5.267302030919377
2000-05-31,12.258156418712094,-14.745938376521927,10.303600032758157,-5.630739811035428
2000-06-01,13.037207638845086,-16.255599982590226,10.026208641015046,-4.661995417924283
2000-06-02,12.306850543287126,-17.017961519317836,8.579268306259237,-2.0414215719060436
2000-06-03,11.559377365221748,-18.318308351536174,7.7754179022277174,-2.8157166523928483
2000-06-04,11.289987586770508,-17.49293611944866,7.477094733231883,-3.738539967389676
2000-06-05,9.838649088579484,-17.47107876122879,7.519633807261674,-2.2076076163608516
2000-06-06,9.931096824049293,-17.570087072512866,6.468979970674185,-2.5135601914592436
2000-06-07,9.492622366014686,-17.94025123702657,5.509724578033596,-1.9752305881830667
2000-06-08,9.350176948505316,-18.140604717031557,3.7956784619846,-1.481586500658203
2000-06-09,9.837192274485696,-18.979734119873772,4.785799845863794,-2.8463447307406353
2000-06-10,9.815322365696616,-19.250941459763936,3.4686250570579995,-2.6566421186606397
2000-06-11,11.517892517938407,-19.183307229697018,3.0056033029489484,-2.2096179617749616
2000-06-12,11.623612513405561,-19.155545098071517,2.5800610901775003,-0.7876424024824968
2000-06-13,12.079975876886346,-19.684215757007006,2.4720572533965424,-1.5285091066865695
2000-06-14,11.47168472680485,-20.324941481197204,1.337745659674315,-0.7512321429186141
2000-06-15,11.180643263531826,-19.770813902870433,0.6676197619470184,-0.8115946373109527
2000-06-16,10.469602666740714,-19.0511457323331,0.41920045524198024,-1.5424682232623386
2000-06-17,8.827899437930931,-18.775479182992328,-0.28918459709612687,-1.5582474403833337
2000-06-18,8.336169329917404,-17.821289602093564,0.2549601552618811,-1.1110353529285022
2000-06-19,7.720048206593924,-17.354999558543376,1.9697917639379239,-1.9432213870785642
2000-06-20,7.8923873458231135,-19.00421653296051,3.368353856063459,-2.3411334856694057
2000-06-21,8.674966226665092,-20.72744478367683,5.165893243189364,-2.698005013695004
2000-06-22,9.22062355013512,-20.576626577344236,4.910422457001594,-1.0122127110357004
2000-06-23,7.572577343768939,-20.277912917352225,5.8210681292315645,-1.0420688326720666
2000-06-24,7.454406559402347,-20.42060062942569,4.593431708821156,-1.003941448577132
2000-06-25,7.967124082874746,-20.352001401945028,4.321155607676076,-1.4936664709501588
2000-06-26,7.6878274135963744,-19.09425718444899,2.234520628255533,-1.4535950144023833
2000-06-27,7.360072496299957,-17.638449232612146,2.290012853699336,0.03133058429757085
2000-06-28,5.236182478254398,-17.17886432777809,2.570070713737016,1.421864551371509
2000-06-29,3.594833869431369,-17.333900135896414,2.6361309755235087,0.9260690568262996
2000-06-30,4.811411583174309,-17.67258232134181,4.670893519544663,1.9802469657652222
2000-07-01,5.762245280178109,-17.113283339950925,3.607197928519115,1.5491506282544651
2000-07-02,6.334996647035325,-16.435726306363208,4.914381773600373,1.0817096186285589
2000-07-03,5.474843262110662,-15.576622113577677,4.1047551975602605,1.955021454698971
2000-07-04,6.6745794385257,-15.120469077750622,3.7471761655916627,1.9961036808428505
2000-07-05,7.268045358128939,-15.110283559038548,5.945472504262155,1.0054327502157014
2000-07-06,6.265376770759148,-16.08717894577387,5.355892581716939,-1.1734987699792079
2000-07-07,5.635726343818966,-16.74046364770176,5.434406606891116,-0.7556981867731265
2000-07-08,4.395510007411196,-15.840409404937686,7.236648836681663,-0.9639832898681229
2000-07-09,5.969881244886768,-15.641419910532498,9.225380755277055,0.15330017582006739
2000-07-10,4.405976610047001,-15.622792539871142,10.279705730181131,0.18384675686068427
2000-07-11,4.369093079201934,-14.353027789556839,9.569851548035027,0.20136237013890262
2000-07-12,4.692718843811053,-14.686818749910403,9.54972244415749,0.9763856333630729
2000-07-13,5.125556465311047,-15.495536281889937,8.445598458358228,0.1872834531064227
2000-07-14,5.1268049210995335,-15.65547606964698,7.613640965141103,-0.4108669994100631
2000-07-15,3.60676563590747,-15.237622366429655,7.57362223978947,-1.6706543428153333
2000-07-16,3.6353861400952527,-13.8950003559193,6.833686386824211,-0.35551667709436097
2000-07-17,3.311928667611829,-13.697172188069432,6.931437189246396,1.0460067389108845
2000-07-18,3.4703625143973604,-14.839073607273278,5.620466818805184,-0.4869143145192434
2000-07-19,1.7583923503031391,-14.792938548317593,4.662092338578622,-0.5677259274629843
2000-07-20,1.0545333143126925,-15.563722849024158,4.181246997705893,0.135859627180404
2000-07-21,1.9836784620813837,-15.192550296375119,3.1914244481587737,0.7794909026337424
2000-07-22,2.672575128689316,-14.917903092762675,2.5878040121396833,1.4883504780008827
2000-07-23,3.095393703365977,-18.034759684361802,3.2322560455507254,-0.42539219286062435
2000-07-24,3.7589552799573585,-18.188832082786636,4.4258677262999235,-0.5235534040665549
2000-07-25,2.872341019901246,-18.33618574736948,5.485674021233698,-0.49730678620496754
2000-07-26,2.7580058600288693,-17.592632231861142,5.696033387863511,-0.5032341920381993
2000-07-27,4.1240659284322,-16.037518199802076,6.309359614192212,-0.7891933435233722
2000-07-28,5.6209769219530274,-14.854398642470368,7.028256779720504,-2.005269924269233
2000-07-29,5.7616488252609885,-15.59807081717124,6.869244528166145,-1.7652129949725142
2000-07-30,5.861808233351612,-16.07324592300049,8.142198277086056,-3.461344261804057
2000-07-31,6.591991764481226,-17.930729194595028,8.524796413809518,-4.348248588087933
2000-08-01,7.470295522213757,-17.844276670587433,8.772502792276343,-5.366527913654784
2000-08-02,6.8157253872161725,-17.63705927717648,9.356072719185647,-2.437431671890923
2000-08-03,7.038583710319659,-16.661021751807553,7.799138786676386,-3.767323533224986
2000-08-04,6.683088935711207,-17.85844944744612,9.285538040142772,-4.177542226005315
2000-08-05,8.065270824104346,-16.37166697336049,9.328317760026339,-3.6757424721976757
2000-08-06,8.009171350763443,-15.833229973005952,9.811659611806911,-3.7993920980897062
2000-08-07,8.514141332226284,-14.10953369733869,10.52467584151785,-3.473592484449081
2000-08-08,8.638910853269497,-15.122206821107282,9.497378964442387,-3.1502359529688224
2000-08-09,7.26951972922234,-15.888534420070865,10.77889030480652,-1.2360062559060083
2000-08-10,5.603563652424622,-14.261884857769283,10.567452013960963,-1.251011342937373
2000-08-11,5.490152021781888,-13.181340730743797,8.959775434917786,-0.7948477315822396
2000-08-12,4.545281824393878,-12.610552201362223,10.502571773210837,-0.7952650579948598
2000-08-13,4.919436910364681,-12.201000423124531,9.702978273540348,0.7163742918894586
2000-08-14,6.625905157625669,-11.499217051007502,9.776263705547994,0.2544804765351739
2000-08-15,5.999414934476582,-9.788380468460847,11.190678748277017,0.1908189877456245
2000-08-16,4.419484404805458,-12.620392338369834,10.107252088012737,0.0601985917505051
2000-08-17,5.820173439248459,-13.272048547427614,10.61206754435324,1.3633795533989375
2000-08-18,5.948709756104508,-13.414496416216455,9.303304030114631,0.16090424519450464
2000-08-19,6.364809390520331,-13.61540394941738,9.425835347767933,0.1136265294982575
2000-08-20,7.028953439878982,-14.400091360846826,9.090254704184765,2.0098087581314017
2000-08-21,6.229167301493211,-14.681666791646927,8.500868002206197,2.454590120538652
2000-08-22,7.251559623935281,-15.179878410233037,8.06945366110151,2.1756085152356217
2000-08-23,7.781393407410238,-15.919273712743232,7.693493695130251,-0.1965853562773936
2000-08-24,6.399648397915254,-16.03171746876252,8.591357868333372,0.09849042702446881
2000-08-25,5.300879941247954,-17.43197367689046,8.766037961231541,-1.5543132152283747
2000-08-26,6.3668067599648435,-17.36807748524028,7.158717801997483,-2.5202670740702446
2000-08-27,5.642495440733721,-18.14126999546372,5.66878479377599,-3.39492959605909
2000-08-28,4.9580938845932945,-18.852555751074156,6.796741418709371,-3.2901017932318752
2000-08-29,3.9648366671557422,-19.18717735702828,5.917184321397987,-3.590108452243632
2000-08-30,4.8403458202971255,-18.934906576416154,8.202785502926053,-3.214181026476152
2000-08-31,3.9267513103200185,-18.125165845601707,9.282716720068589,-2.120014035032208
2000-09-01,2.832510357284927,-18.272803260116543,10.41452867689704,-3.8047429939061495
2000-09-02,2.3330935962628887,-19.699740945543535,9.481958447000027,-4.817200146649956
2000-09-03,3.5836634288063234,-19.934278980452287,8.618602865658245,-5.8528058780344505
2000-09-04,3.7253305936778536,-19.945414607792955,9.962677240331672,-5.352789182177148
2000-09-05,2.2935328156128163,-20.574395315384223,11.03274975240265,-5.973871879878525
2000-09-06,4.028104990536526,-21.67268474670897,11.60536310544344,-6.835087433277166
2000-09-07,3.518509857590168,-20.574103098477824,11.478295942604923,-6.021635188163058
2000-09-08,3.9918004525049677,-19.820237414915525,10.59010773151941,-6.243209586367059
2000-09-09,4.416053070605838,-20.669310287609186,12.219607774751738,-7.020437628522194
2000-09-10,4.116049493668043,-21.675869352403424,10.07629970951305,-5.223519105947266
2000-09-11,3.9117105567649957,-22.123784190818963,9.877584647842252,-3.80365513375083
2000-09-12,2.946603948700578,-21.44421632505388,9.453796399292775,-4.40032598928914
2000-09-13,3.5136621612207604,-20.455975751311183,8.93989344901286,-5.16917514896395
2000-09-14,2.3445664138987334,-19.352471984582806,8.364637454206742,-7.018305876239401
2000-09-15,3.7545185522948796,-20.722331486535747,9.144097985465804,-6.834877229571876
2000-09-16,4.042433984510158,-21.30670676184707,9.509689445690439,-8.502657122456114
2000-09-17,4.630471733249971,-19.749696720314912,10.393716643116765,-10.522197207842835
2000-09-18,3.6462627309771225,-19.937491642289718,10.880653948056697,-10.62884988150306
2000-09-19,3.1530483438666246,-19.342191334597427,12.044805714281663,-10.861143888689657
2000-09-20,3.881978211251864,-21.9212420797869,11.107296328172934,-11.182402825747667
2000-09-21,3.3934119904972384,-21.588443862382444,12.121046875671194,-10.675733799719278
2000-09-22,2.7711865187421827,-23.11121195288663,12.67801099625008,-12.51391053938929
2000-09-23,3.424223802148611,-23.299661035016697,11.502176008311851,-12.226653226922497
2000-09-24,3.42134769948961,-23.336258327932946,11.417952711784457,-11.807129118496356
2000-09-25,4.34578172144812,-22.839643129449094,12.430085901606766,-11.851268837344161
2000-09-26,5.964241045680094,-22.26853330731927,11.886391871923989,-12.945163894078567
2000-09-27,6.170037849414173,-23.57505483024187,10.91301590436724,-12.706076813704968
2000-09-28,5.562150403132219,-24.508371070468794,10.878540858278843,-12.633398914601178
2000-09-29,5.3563163779134815,-24.88591798952808,11.733183586991291,-12.29097156331435
2000-09-30,5.132890265718785,-22.421596056012717,11.927015323919704,-11.15896642963702
2000-10-01,4.571909262587029,-23.784537003220727,11.13525880827624,-11.426976213035132
2000-10-02,4.075301052857512,-22.448150820897933,11.015217686180131,-10.965507335593992
2000-10-03,4.028819896824621,-22.8817051536311,11.053213699633647,-9.25145586582326
2000-10-04,3.260871305087806,-22.11471470307155,10.027206448007865,-9.7110823080927
2000-10-05,3.2644545110423895,-21.788339613344558,11.51033507598168,-9.761164949557234
2000-10-06,2.420838904506463,-21.13829764029379,11.146165267065923,-9.522483378625399
2000-10-07,2.304616464968711,-23.08175449158061,11.654464452659896,-8.9391153718041
2000-10-08,3.2312212332773163,-21.281291729120383,10.45936067919642,-8.42260792752234
2000-10-09,3.640516229918272,-21.700373721928205,10.856466915646198,-7.922960972410375
2000-10-10,2.421832399941075,-21.454150960651774,9.938482609641582,-8.574817472340966
2000-10-11,0.6470875847524251,-21.927511886154253,9.734911938168105,-8.024960605044575
2000-10-12,0.6479875114235323,-23.46980003695393,10.597059995052373,-8.143547228594667
2000-10-13,1.1363581018531896,-22.50386391849423,12.019664744021407,-6.182320239229651
2000-10-14,1.0641193431815217,-22.192739472400575,10.941303653204628,-5.12072006919439
2000-10-15,-0.12076810139024796,-23.997991161030995,11.77168965854502,-5.6424165941422055
2000-10-16,0.6568391799519925,-23.589916511684827,10.14168700752131,-8.36209595846482
2000-10-17,-0.4397625671407267,-23.573425024703962,8.91991067282654,-9.014857407813533
2000-10-18,-1.8987032977380522,-23.403547064907038,9.010736599862865,-9.496250031861166
2000-10-19,-0.5016379964243096,-21.905832037587473,9.576003802399315,-11.296021213327911
2000-10-20,-1.606328143629919,-21.498701706504225,8.947446222154726,-11.783112645039735
2000-10-21,-0.7073607490418591,-20.987826884611806,10.261600655968675,-12.212321941686213
2000-10-22,0.6678646714050381,-21.54195813169629,11.761092146107437,-12.106487298069434
2000-10-23,-0.1926450757045699,-23.173177639349824,11.459619831245744,-12.362719996064872
2000-10-24,0.6650168344178822,-23.28376814215803,11.0271878526673,-11.285682523117336
2000-10-25,0.44019027314773074,-23.860009958384936,11.601796769959872,-11.775510741964602
2000-10-26,1.0989924148392438,-24.45692707016813,11.378837586989492,-11.623333766376335
2000-10-27,0.7248660945749379,-24.47037853952552,12.194309556229552,-11.212731975056288
2000-10-28,1.2058359446095614,-25.105808978144786,13.04713932450392,-10.543169634547205
2000-10-29,2.2102551368711865,-25.832174810330887,12.874680727822463,-9.909635732086805
2000-10-30,1.601440019454055,-26.058297280094845,14.80048646528199,-7.957874719818991
2000-10-31,2.841380569281415,-25.119712143845078,13.781235315776861,-7.445312488392869
2000-11-01,2.4822639742155297,-26.178284041450446,13.272229477185542,-7.329647414346522
2000-11-02,1.9349083999168633,-26.729083467157288,14.064270975608515,-7.18554092922329
2000-11-03,2.1683664795791815,-26.61721107026099,13.388567832236864,-8.556112847183979
2000-11-04,2.47893118999966,-27.124247702386434,11.377785563650987,-8.948680105149132
2000-11-05,1.3867132486590363,-26.425597468078678,11.899410790891327,-8.451786960310661
2000-11-06,0.7216716305003453,-25.694045886216525,12.2190605740254,-8.861641498750481
2000-11-07,0.2683341983618284,-24.801337733342827,11.745456517061742,-8.557985025224204
2000-11-08,1.302291185174612,-22.891995107785718,13.409329641499472,-7.6571622610151735
2000-11-09,-0.20362016639677516,-23.58104353720369,12.861242454026936,-6.004012428449853
2000-11-10,-0.902938107368866,-23.19487716010532,12.962109517284247,-6.939139637887397
2000-11-11,-0.5211140977494821,-22.796581073907827,11.706334635542746,-5.716262190833987
2000-11-12,-2.60762412660467,-23.38733822681779,12.678304929408322,-6.909520024308026
2000-11-13,-2.25735820704264,-24.68369861509322,12.585280784964098,-9.223293137480226
2000-11-14,-3.099929908755648,-26.226620062247513,12.183517042837597,-9.638524533301883
2000-11-15,-3.773594080064788,-25.428706865680766,11.296637438966158,-9.004137860112833
2000-11-16,-2.144318310105926,-25.289642715376083,10.43896723439076,-10.253476374974374
2000-11-17,-2.8541034102254255,-24.58499999462619,10.594557969359657,-9.316681158720385
2000-11-18,-2.0837725308982136,-24.444189342747954,11.06804623102612,-7.461434949299906
2000-11-19,-0.6681163047235334,-24.74693535965221,12.057725672962011,-6.87558414348197
2000-11-20,0.468271772816206,-24.0753187876163,11.083558237919021,-8.49526870885467
2000-11-21,1.0408987900212918,-22.172700589246467,10.30789412997905,-8.68335844690432
2000-11-22,0.005151063826078994,-20.994871084540808,8.00272727493553,-10.947018747940128
2000-11-23,0.38017098364623225,-21.07721473133216,7.523104259861724,-11.248113534463542
2000-11-24,0.9171588981025939,-21.491018720381824,6.42617928812861,-12.175476462536508
2000-11-25,1.8054977600994366,-22.015760675344044,5.040901704361412,-12.073298135592538
2000-11-26,2.310492481879448,-20.68679992779082,5.25880509148308,-12.733009382802207
2000-11-27,2.7845003491564775,-19.95962505777038,5.219899784819273,-12.77760877552778
2000-11-28,3.044633254095245,-20.029481556026564,5.470013691702399,-13.799522099954707
2000-11-29,1.8941954842767355,-20.86559293552733,6.112224635031825,-13.540724532614098
2000-11-30,2.934434448526294,-21.052283857641942,4.968583239189975,-12.39617099732954
2000-12-01,2.9156673929864008,-19.76882882137542,5.566529730582156,-10.207552318506703
2000-12-02,2.6958944072730384,-18.86810491628624,6.457893836935099,-10.762678664001154
2000-12-03,2.5234120901660777,-20.32984325850296,4.909097699932434,-10.636109862470379
2000-12-04,3.316419160863505,-19.691819225007507,5.249122298192087,-9.773092709319288
2000-12-05,2.72672136516418,-19.964351973495265,5.986643811605969,-9.339973979870354
2000-12-06,2.5165325513674177,-18.64355758736735,4.694642560558842,-9.858652667158946
2000-12-07,2.2331347769111654,-17.82702270759358,4.697027758474077,-11.12014441394956
2000-12-08,2.7471389567272286,-16.739476392126686,5.436332291607103,-10.500989492344072
2000-12-09,0.8728254599861605,-17.639362868870172,5.9184129002793044,-10.55587767709846
2000-12-10,1.3953830619849725,-18.905705545833126,5.856918135994419,-11.945658695994666
2000-12-11,-0.5582955006344339,-18.60992645732624,6.699506932451399,-11.70004226809289
2000-12-12,-0.5912919808991,-20.171940799155504,7.705613999548946,-11.744087165468832
2000-12-13,1.3682700243066679,-19.229626490878537,5.7004885728967984,-10.989037485212943
2000-12-14,-0.028265213266489342,-19.9891219813076,5.449731896136649,-11.083099935575547
2000-12-15,0.3693000023509768,-21.011977022111815,4.299039891880002,-10.48249473384247
2000-12-16,0.35604973441695015,-20.83760397341029,2.1053565401853422,-10.659632117157793
2000-12-17,-0.5346794486445456,-21.75823034642716,3.0272913444099196,-11.755303346130304
2000-12-18,-1.6275760549705758,-22.089240949828906,3.477580175057264,-12.639318075878391
2000-12-19,-0.3934320191905143,-20.639393424467688,2.5961331085888,-12.884399831455246
2000-12-20,-1.1721074918481271,-22.324775529338915,2.8991441590449574,-12.150804963225877
2000-12-21,0.8397567712784344,-23.222185032970252,4.235379249857578,-10.808451271967924
2000-12-22,1.0376100808455875,-22.620021543394188,5.108652298158281,-8.834351323726024
2000-12-23,1.515418643462057,-22.680159428897873,4.24248349915081,-8.529030568713525
2000-12-24,2.5395835762351266,-22.435549067568402,3.4625602502258066,-8.439954366216961
2000-12-25,2.410430093775013,-22.170810309812694,1.8007118830075566,-7.88916575211423
2000-12-26,3.005853250538736,-21.725956871626185,1.7969490658625324,-9.695102014717651
2000-12-27,2.9865304585674726,-20.665241872284014,0.9368201895700711,-11.684371480878935
2000-12-28,1.445972486696779,-20.35121618046341,1.3096961984225086,-10.798078286257468
2000-12-29,1.3907134909671264,-21.85154455644198,0.4911920578288329,-9.97923891365812
2000-12-30,1.5312093984066022,-21.201714921762,0.9259808632898726,-10.184199465388417
2000-12-31,1.3572025608985685,-19.34461265200614,1.3406551298990936,-10.312787015704778
2001-01-01,1.812622551835378,-19.121706832381868,-0.8167012435953676,-9.662702501332463
2001-01-02,3.6335618259250535,-19.901986700771932,0.6373345052437995,-9.91957219866438
2001-01-03,3.9270332235748757,-18.83162668379876,-0.08266692604700965,-8.677078285845909
2001-01-04,2.7128159422155367,-19.706781432712678,-0.6761872433945355,-8.015072919394006
2001-01-05,2.371941531646066,-21.226755892298545,-0.8927201152443639,-8.79929430192839
2001-01-06,3.1032351524864343,-21.56999094675365,-0.8219460393437126,-9.204766759069061
2001-01-07,3.537174120716723,-21.753581710224204,-0.4967473246566473,-11.798155323810771
2001-01-08,3.6344249976945093,-21.33966804011397,-0.6960273795712393,-11.12876285241823
2001-01-09,4.37303202668733,-20.035454148264467,-0.5912157714989577,-13.042563557088211
2001-01-10,2.0875325778976848,-21.637295100338985,-0.6291228326830939,-13.199868845368776
2001-01-11,2.3637724299176583,-22.26254102289616,-1.365614004188842,-12.644820902958342
2001-01-12,3.0196968412901604,-22.51919115837664,-1.4040906624277953,-12.24050655962935
2001-01-13,3.524040416453155,-23.663171857975378,-2.123664518345746,-13.471052605274737
2001-01-14,3.0171338016163243,-22.850838268633545,-1.5773926514019805,-14.569150565637296
2001-01-15,3.5294005284423062,-22.764995163291093,-2.071319358487901,-15.975610220740927
2001-01-16,3.354577156824539,-22.085051157175137,-4.234417006884026,-16.371733418492376
2001-01-17,5.608860855629501,-21.412414438607044,-3.9745845118805505,-17.10891858806329
2001-01-18,4.9305310177555315,-21.495702834307007,-2.3717208825034146,-16.64332939716836
2001-01-19,4.058372619984709,-20.318915871923142,-2.664315089661505,-14.94598291615441
2001-01-20,3.491769595347005,-21.322181628827032,-2.4896855118479353,-13.963655932354111
2001-01-21,4.5292143920779155,-21.16298986215822,-3.4777821998165463,-14.468996654251995
2001-01-22,2.510932523723699,-22.07611139972704,-3.6562390147138095,-14.079994513598516
2001-01-23,2.17147820225892,-22.133090454704778,-4.0524244594636265,-13.328969209408745
2001-01-24,1.272365263832381,-21.29554254055845,-2.0915436469497157,-12.856179553386815
2001-01-25,0.7452736536083392,-21.831812684645236,-0.8817064247656181,-13.982768979258813
2001-01-26,-0.20853076666422476,-22.9962611385157,-2.1602202652863043,-15.02758529863867
2001-01-27,0.5813741751212683,-21.893978573927676,-2.8572933376464875,-14.82025125259298
2001-01-28,1.3405308502295026,-21.79341437083051,-3.812236095263726,-16.29065298773106
2001-01-29,2.350958403355011,-21.29723495854213,-3.2352802018650726,-17.398299888632092
2001-01-30,2.585935596244063,-20.66823537108531,-2.921246358217927,-18.14332310543978
2001-01-31,3.598196106309399,-22.19586731926408,-1.9925044334109854,-17.062267161352707
2001-02-01,5.170526423844624,-22.538359509514525,-2.991934449972506,-16.26838679904433
2001-02-02,4.4713111447576495,-22.494363998070536,-3.309396667132578,-17.170458770457415
2001-02-03,4.7923106109425415,-23.886379914628574,-2.7171909854885388,-18.13738985891415
2001-02-04,3.0605792644746153,-23.936487373418867,-2.2855571326773156,-17.560455261860927
2001-02-05,3.878932995301777,-26.29012777310928,-3.290701563633987,-17.453802967357895
2001-02-06,5.397936275237923,-25.50638327943455,-1.3893615117858744,-17.978742390271893
2001-02-07,5.672353270519931,-26.606354087003858,-1.7937137314098741,-18.714038108554867
2001-02-08,5.038364611203209,-26.999803208189523,-1.7909961915191932,-18.691825444038383
2001-02-09,5.581818050785935,-26.859814740802662,-2.1350418203688184,-19.21440398557033
2001-02-10,5.274686330627251,-27.308851882249627,-1.6440707651868387,-18.348878794899065
2001-02-11,6.548730868574335,-28.106554642190044,-1.1746985398480887,-19.74355843649174
2001-02-12,6.921905586826913,-27.02388236009898,-1.3242880415150837,-18.670922389232867
2001-02-13,5.783337716511436,-27.912527643190618,-1.4600978841587702,-17.648712034647044
2001-02-14,5.365908260169448,-28.366080744099392,-2.451726242536791,-17.445830990204424
2001-02-15,6.6126034010638834,-27.6654006350057,-1.7550755882005262,-17.65280546512809
2001-02-16,6.049294041799969,-26.98815471858933,-1.7869866638346672,-17.82641370084747
2001-02-17,6.947534664203585,-27.18594217026206,-2.624762923219873,-16.917225205516505
2001-02-18,7.028254554637451,-28.22297151411075,-3.737668818091489,-16.82181332968964
2001-02-19,9.365664216115727,-28.61579211765696,-4.073942677177067,-15.298042132072586
2001-02-20,9.30838301632521,-30.064258980904945,-5.6467391297252405,-14.071378158285107
2001-02-21,9.974737558575399,-29.238133272473753,-5.704495688103953,-14.798090184267904
2001-02-22,9.757574442851231,-29.102102055099376,-6.542806843802654,-14.236640274716777
2001-02-23,8.49797827405151,-29.4348608196746,-6.746814716279157,-14.927660087892145
2001-02-24,6.292472919031688,-28.98699115556335,-7.5025654767194245,-13.601952128567774
2001-02-25,5.950490641347636,-29.52835074399457,-7.411043529940548,-12.548512379937327
2001-02-26,5.387082978229466,-28.513613049164793,-5.970739888922925,-11.558189569281382
2001-02-27,7.0135144692217235,-27.220967028152323,-4.455857595029919,-9.95386324986574
2001-02-28,7.2215839988516874,-27.65019092772452,-6.718101230273724,-11.276596369387537
2001-03-01,6.773301199692892,-28.031926014965087,-6.870895693675811,-12.277356859636287
2001-03-02,5.177523588251578,-28.162149181431815,-7.060313622487602,-13.084910901186152
2001-03-03,4.435371426601193,-29.10230577330422,-7.456837361503919,-13.941213728181403
2001-03-04,5.695246758118209,-28.861309041259098,-8.429155279530436,-14.221661509648857
2001-03-05,4.514961151767018,-27.84914074608431,-7.044968554949616,-12.969659526895827
2001-03-06,3.3702685205244203,-27.940407765810484,-7.446539230462532,-12.407646420981646
2001-03-07,2.3623587172405225,-28.6162994598115,-7.859756258814341,-12.254357951849222
2001-03-08,3.0564874253784087,-28.945027152548107,-7.195791183288119,-11.432281595052084
2001-03-09,2.8432721885065875,-30.190685285413704,-8.366981518722259,-10.840554619900516
2001-03-10,2.367047752191918,-31.90331460809616,-7.7540291505392585,-10.711000099354298
2001-03-11,0.9610806710492896,-30.723894626893514,-6.917393163381509,-10.572254848064118
2001-03-12,-0.31323869668512727,-32.1262251597788,-7.2244616502229455,-12.286170237614407
2001-03-13,0.09184157649935815,-33.53704847315913,-7.059548920968247,-12.574301690341134
2001-03-14,0.8036268445964023,-34.47499606842062,-6.7858194714435225,-13.969141883175777
2001-03-15,1.5991763963658094,-34.58995783469812,-6.289968802478092,-15.28966723000381
2001-03-16,2.098260672037576,-34.28375443839441,-5.926270909764729,-14.977033266989823
2001-03-17,1.9047967892472284,-33.042455218078416,-6.082168895530432,-15.71620246738065
2001-03-18,1.8460705958782897,-33.99297316352295,-6.546165318861276,-15.893449083570049
2001-03-19,1.4665164752324298,-33.79357609071746,-4.600403927554949,-15.322499243723929
2001-03-20,2.538817122520521,-34.297285528085695,-5.187420216060098,-15.700677290616918
2001-03-21,3.3917062197893983,-36.44540400631659,-6.2205849913514655,-15.598341443782697
2001-03-22,3.1676138527264697,-34.47767432417355,-5.772901775608809,-16.26053288731318
2001-03-23,1.5900067841871224,-34.81823435911141,-7.076121858287224,-15.793782236894744
2001-03-24,1.7511131064288008,-34.498202427018676,-4.996945193492187,-16.70124821831504
2001-03-25,1.558708898632894,-35.71071817150759,-5.077543709642312,-15.107974602365013
2001-03-26,2.127431297753366,-35.82520521709679,-4.825913460822422,-16.318830240308603
2001-03-27,1.7336975860589767,-35.7399526425264,-4.72649147411388,-17.84944648470722
2001-03-28,2.061320765293758,-35.46075615001219,-5.103542680386658,-17.845271485624718
2001-03-29,0.5778292119257566,-36.94055176533654,-4.96885541804842,-18.51299467654088
2001-03-30,0.5662736917014553,-36.101061093018934,-5.142785348353576,-21.323662731370078
2001-03-31,0.4156200536805619,-36.58210511501297,-5.377479702676496,-20.423931918798523
2001-04-01,-1.1629101322605522,-36.33814849110499,-3.807175790765264,-21.04987503376698
2001-04-02,-0.690582246074815,-35.37184271213419,-3.59694435166317,-21.734972014098407
2001-04-03,-1.4001032567828153,-34.62804255836821,-3.004795260881436,-22.521440429169633
2001-04-04,-2.5765764111438982,-35.9088492725172,-1.3431433996966653,-22.58938554956013
2001-04-05,-0.2163478254904838,-35.35330366944666,-0.9036210768628667,-22.283113061254948
2001-04-06,0.7828020247068815,-36.31936685449073,1.2563920315078685,-22.38341476386678
2001-04-07,0.07940193251407046,-36.01680585220231,2.348730907538666,-23.390969639649757
2001-04-08,0.6462713049551417,-36.73325000978879,1.8424573743641774,-23.88045205840479
2001-04-09,1.4098127714410622,-37.84232274158317,2.03507348439879,-24.22386992248738
2001-04-10,0.562602593482533,-39.055846344337645,0.8321851598827874,-25.85766594014018
2001-04-11,1.4587697872318008,-39.29749950696887,0.9908370899490304,-24.679476575658583
2001-04-12,0.23865263030024808,-40.239045182284585,1.2455526266428139,-26.50355612773895
2001-04-13,-0.3400558826966208,-41.163938255385055,1.5750750688123494,-26.92937199410282
2001-04-14,1.6680933966803377,-40.22604688331566,0.7218365845370383,-27.31668543155967
2001-04-15,1.3205088837648935,-36.9194725342051,-0.7883630594411029,-27.113145731155058
2001-04-16,-0.7639232515966357,-36.92640997541102,1.1215275024679086,-27.521601162829167
2001-04-17,0.3406311698754132,-36.992525201364224,0.6990287856424737,-27.773257521775562
2001-04-18,-0.24627147530458826,-37.61858347325405,-0.6311656266820218,-26.26645679282612
2001-04-19,-0.6393478710980318,-37.32480916248829,-1.5076974781218078,-25.14946623341077
2001-04-20,-0.9129036490058615,-37.415841830346096,-3.336674113417753,-24.75349002227116
2001-04-21,0.8986020558143846,-38.28491941634601,-3.7949032671202354,-25.891813980486173
2001-04-22,1.0277642300547607,-38.22089521843918,-3.0898221656257663,-25.340340433685252
2001-04-23,0.21524818386915956,-37.99594716937481,-3.418123272348239,-26.431373411061966
2001-04-24,0.0883923109065462,-34.194286954407694,-1.1029526383422943,-26.291546813294314
2001-04-25,1.827249518917303,-34.23967031855397,-1.1560909777837753,-28.24111860092408
2001-04-26,0.8671439529730166,-35.02316958254045,-1.0485719461183454,-28.227134066064803
2001-04-27,0.2882016015811495,-35.61198278207429,-1.2147250817262976,-29.608545716747084
2001-04-28,-0.32443695878740964,-35.993272651882585,-2.463674014799172,-29.93878361001163
2001-04-29,-1.1592441223219179,-34.75789025987311,-2.707477811938294,-30.128329278268204
2001-04-30,-0.7312160153005505,-34.200921943032476,-4.443719616238445,-30.50511338737574
2001-05-01,-1.6402483415526417,-34.34609218722569,-4.980052137437359,-30.34804392451793
2001-05-02,-2.6207075871147976,-34.91385942874588,-5.571211806359712,-29.265452554047037
2001-05-03,-2.2527039278342547,-34.54497072116021,-5.857530087169738,-29.650170406140592
2001-05-04,-1.6917010393366172,-33.767536787366424,-5.842383301540897,-28.50852246066449
2001-05-05,-0.41754601182143314,-35.43223482675534,-5.412004416757847,-28.55112438915553
2001-05-06,-0.029257197853190475,-34.3162582987286,-6.332542579849288,-30.171398491578092
2001-05-07,1.0769342749978548,-35.31474294365901,-7.018762093770324,-29.96677759815844
2001-05-08,0.3908324538364989,-36.90695357197461,-6.9845723263545985,-30.7482622571203
2001-05-09,0.9886923317067675,-37.413030128053265,-7.673018465075397,-30.958262796230507
2001-05-10,2.0408458085454377,-36.50512604641558,-8.766244647535116,-28.15855514714359
2001-05-11,1.7150694839604093,-37.65754177537509,-7.878012657486337,-28.520227604497943
2001-05-12,3.868788991800059,-36.81013341989355,-8.076732503795105,-26.94492072676574
2001-05-13,4.717904203270503,-38.039028616828446,-7.1883383942227015,-27.46140816871419
2001-05-14,4.634577918023829,-37.90797416761099,-8.067434406488962,-28.79475044760489
2001-05-15,5.002361928944126,-39.29620766628085,-10.642637033258229,-29.63085605197632
2001-05-16,5.3334543504325245,-39.56608879985082,-9.375506092638158,-29.447102556544632
2001-05-17,4.567144698485444,-40.005672350330315,-10.812047451907336,-28.3613053318387
2001-05-18,3.186044612402486,-40.926079982449586,-10.972333672335964,-28.35895206734788
2001-05-19,1.6833942488926967,-41.83161577766908,-10.707293070096645,-27.229228708350885
2001-05-20,2.0323978109828715,-41.857425539259935,-12.269701803966775,-27.846571054902974
2001-05-21,2.553892052293926,-40.77647886940505,-11.38032589581152,-27.708499410457367
2001-05-22,3.758492518943104,-37.895018156241086,-11.974187811194207,-28.471615205802404
2001-05-23,5.276975444722825,-37.65955363085567,-11.861880122766937,-28.079240878143278
2001-05-24,4.622488939537865,-38.694348915606255,-12.639027632315248,-26.833294621312263
2001-05-25,3.1858482748532833,-38.195694269957706,-13.196715092340757,-27.18666151002761
2001-05-26,3.9287992514616166,-37.35170535659981,-12.853738554473821,-29.059781172393613
2001-05-27,5.4997639601374075,-36.04150883940025,-12.762301721282673,-29.0495233554342
2001-05-28,7.301213168757562,-35.094284568106524,-12.791596124857593,-29.341862031285345
2001-05-29,7.107676057746535,-33.91705251370936,-11.751604340150905,-30.955285042784148
2001-05-30,7.572318456612599,-33.05293118233175,-13.258067506122623,-30.95824979422247
2001-05-31,5.795274850236081,-32.92343834639036,-15.341302008035571,-31.63999531793039
2001-06-01,5.184208935740946,-33.632288166532966,-13.889773991061004,-31.104484748191286
2001-06-02,4.7846400754175455,-34.565366007427066,-14.128550307906236,-32.1335977164906
2001-06-03,5.7577200795672105,-32.56860000587928,-13.075350409824125,-31.80190737094545
2001-06-04,5.592091296274065,-32.97370629534075,-11.33006583713653,-32.37784297846699
2001-06-05,7.153189853169815,-34.105245537360894,-11.626297491534737,-34.091899571187774
2001-06-06,7.312424054398095,-35.3689731592371,-9.961248084744296,-33.67962729952671
2001-06-07,7.849820801274913,-35.08629471007233,-11.053788899135434,-33.55550901179288
2001-06-08,9.686901489142658,-35.07773978406602,-12.070805100760246,-35.407851668487915
2001-06-09,8.973574498750581,-36.8399686816069,-11.240287731717649,-34.62668440230567
2001-06-10,8.097892671530031,-36.22598737313747,-11.816742384674631,-34.67229868508053
2001-06-11,8.46984822309501,-36.669947382176964,-11.398539036021514,-36.35802673554808
2001-06-12,8.58732321108298,-36.7048994045647,-13.444932172269624,-38.16771692827957
2001-06-13,6.7277996054560525,-36.29059257064075,-13.320972545397963,-37.89375935110553
2001-06-14,5.401421112947891,-35.15161875997448,-12.338131325580573,-38.66072238612886
2001-06-15,6.5774813894016875,-35.402541156755646,-14.114336349590605,-40.29341715227975
2001-06-16,7.311204877256693,-35.506589967424624,-13.233111403136673,-40.381790277012165
2001-06-17,7.578875770617472,-33.383063544444454,-11.836262315505273,-40.814617545622575
2001-06-18,7.953844495320599,-32.88861810138266,-11.074871148009166,-40.743608740434546
2001-06-19,7.460312644825563,-32.892240918619166,-11.555158257487541,-39.06024145919475
2001-06-20,8.701038883660885,-33.095855937498555,-11.126865996793729,-39.225700723430435
2001-06-21,9.894280019629097,-32.04697542108056,-10.558255164082842,-38.35443645381591
2001-06-22,10.554850827670675,-30.87291356727226,-10.027123790753645,-38.20253592470139
2001-06-23,9.977625204071437,-32.44466430476544,-10.054972171260358,-38.943591458105516
2001-06-24,10.03763427102856,-31.30417588057835,-9.882147495820005,-39.35859312921514
2001-06-25,9.184505646166919,-32.73431108800228,-8.549342160462517,-41.135284148144386
2001-06-26,8.249722619935858,-35.047513021699345,-8.865483736212234,-41.477568707904965
2001-06-27,7.8454281993063635,-35.11064292167575,-9.686748810629993,-42.3912243483937
2001-06-28,9.663254612567439,-35.444705870039115,-8.779090185683227,-43.22799539104669
2001-06-29,11.275983207319525,-33.930523739031315,-8.548071503465952,-44.327526984016174
2001-06-30,11.362984593047186,-33.88321923899026,-8.308447589376454,-45.305747600215845
2001-07-01,9.83998445686789,-33.72085620160822,-8.318738905710173,-45.30367257829648
2001-07-02,10.866785035718857,-35.19601668463959,-7.308045189722368,-46.04690011831379
2001-07-03,10.471562969868797,-36.02179604789086,-7.218425331883116,-47.95271799311372
2001-07-04,9.903477249581604,-36.537552593176216,-5.9544951295199215,-47.802019849326506
2001-07-05,10.598995561077906,-36.53161377878971,-7.003395500982636,-46.894814981143256
2001-07-06,9.753554219010338,-37.05785711956247,-6.82129572217307,-45.94927619169615
2001-07-07,9.552169675727594,-35.547332387579196,-7.392774137225169,-45.283686904741515
2001-07-08,9.555785976678298,-34.00066054936678,-7.178368123964187,-47.16099972279761
2001-07-09,10.644121186487805,-34.08220906270731,-7.73143003503257,-45.93803496087677
2001-07-10,10.312812550458304,-33.48222231954497,-8.499813354330248,-46.77416508770476
2001-07-11,12.123394311041915,-34.26925505680765,-9.084584290747717,-48.482485879572444
2001-07-12,13.753376555049739,-33.87125673351255,-8.84680465729512,-47.507347468993814
2001-07-13,12.424039985715472,-34.41230351543222,-8.93824238854463,-49.05581851972227
2001-07-14,13.735467112065423,-34.43073256562559,-9.26153102480013,-48.81959303015399
2001-07-15,12.982884827728624,-34.385619561812625,-5.833992477797636,-48.214910999908184
2001-07-16,14.651195887362949,-34.74070268426855,-6.585561467928574,-47.905207410536526
2001-07-17,13.309490943938915,-37.04766044971434,-5.8539689629064355,-47.263869265564296
2001-07-18,14.143342165691987,-37.01949057652435,-3.8755962630267735,-47.35119745262191
2001-07-19,13.589377424901409,-40.02598929153167,-3.9227621306800153,-46.51931966756223
2001-07-20,13.596238623440907,-38.90176755708491,-1.627880964424624,-46.69266987593943
2001-07-21,14.827492183034217,-40.48762013226494,-0.596561860067998,-46.62917939555266
2001-07-22,14.606101684687152,-40.65101905227142,-0.7528653284066407,-46.937982304897915
2001-07-23,14.804774654836818,-40.82531118633783,-1.9086578073698435,-46.52092841590579
2001-07-24,14.196906706447349,-39.7773245715457,-1.9424847739422242,-46.3939044625846
2001-07-25,12.147674793202683,-41.03400469971382,-1.0028703804347745,-47.12772118861078
2001-07-26,11.615237134203733,-41.3119446669821,0.36087221239256784,-46.753583190809195
2001-07-27,12.925501737587062,-41.57969246451329,0.574048476158959,-47.95682664618517
2001-07-28,14.103532972730434,-41.47104426081844,0.6181775749552345,-47.61851110695951
2001-07-29,15.550325046650757,-41.68553936730703,2.2812165327101406,-48.4700336913633
2001-07-30,15.972509654619849,-39.67632080613215,1.7914018014515394,-48.22477783791988
2001-07-31,16.850014717456283,-39.81422050503086,0.2910485252872097,-49.28073719698884
2001-08-01,17.430947306310117,-38.922705185041615,1.075603859608206,-48.13430518312099
2001-08-02,17.50293250124614,-38.71447201433061,-0.4432647995493233,-47.81697622941866
2001-08-03,18.115613286637238,-39.2976833091466,0.20073689934558792,-49.63286507393648
2001-08-04,18.866712884431774,-38.9973989855258,2.311345432933607,-48.21977953707121
2001-08-05,20.373693242990303,-38.18000188915763,2.957961046848865,-49.40141085198414
2001-08-06,20.038601942638515,-36.35327341849676,1.501796598125775,-49.85169268679727
2001-08-07,18.619367861823843,-34.90232160446463,0.9360152695801642,-48.30715832086598
2001-08-08,18.205605368104543,-35.40645368462837,2.2145444585648297,-47.3683265944722
2001-08-09,15.489325058886969,-34.95531289477117,2.8147113368171217,-47.15851966357129
2001-08-10,14.831667055062194,-34.92690445013158,2.4166498558514573,-46.94719663596131
2001-08-11,14.629272792201128,-35.548832608370525,2.580420302156072,-46.14475772577692
2001-08-12,14.918278684596494,-36.10247499830176,2.9166743225264824,-45.07496533391795
2001-08-13,16.513682853172686,-34.89492241414232,3.454054515885515,-46.08408936513184
2001-08-14,15.148130126251814,-35.09730362786139,2.044869734329352,-46.86887409419246
2001-08-15,14.978007821500649,-35.581514049600294,1.7169516780189342,-48.19687872149057
2001-08-16,15.20947458129386,-34.58500599853339,1.168814210229765,-47.47112337729936
2001-08-17,17.872201295011937,-34.67681702866784,1.8200242181792936,-47.274353287212
2001-08-18,18.841825024235984,-36.39546690527994,0.7630674502340786,-47.13088935914062
2001-08-19,19.72878759039445,-36.264942879414996,-0.901505800733565,-47.95450263559901
2001-08-20,18.93408147279723,-35.87595093441195,-1.6635447605739921,-48.635309740399784
2001-08-21,20.018829049434935,-34.54063465761335,-2.076819565910031,-48.21040706804991
2001-08-22,18.137345250903593,-34.34230759825801,-0.8868415161142036,-47.68362536279256
2001-08-23,18.238406095261066,-34.730950571730645,-1.5336335317056053,-47.862707767986365
2001-08-24,16.686964957024756,-33.1204915934324,-0.969422891310788,-47.965144802199646
2001-08-25,16.067160182197416,-33.190831213590144,-0.1716279490479452,-46.953696910980696
2001-08-26,15.163469252131673,-34.1643599737638,1.9066020137603301,-45.81710405326501
2001-08-27,15.871989192959678,-34.30300621748117,2.830622352023113,-47.09033722909613
2001-08-28,17.40375761449472,-34.33877844221833,3.6214838541818652,-46.44411945420095
2001-08-29,17.27218670323279,-34.514144797315794,4.843066995457848,-45.41762204961836
2001-08-30,15.499955583252369,-36.206550534372255,3.8968463751016893,-46.31116744791806
2001-08-31,14.381429710665138,-35.93443989110997,3.4331419279677164,-45.10504282615589
2001-09-01,15.834307476182195,-35.96312312860756,5.11659987664061,-45.08082851601517
2001-09-02,15.399516829432294,-35.898337389313646,6.061459878633676,-46.69528948871506
2001-09-03,15.190917507207837,-35.60093172899678,6.424544543872218,-47.063725832037974
2001-09-04,15.67970324985131,-35.308810111045915,5.832636430399824,-44.8821272030992
2001-09-05,16.119253455882617,-35.639993461219746,5.260917396921385,-43.85271828486829
2001-09-06,16.221313246946686,-33.09188076340455,4.824993273969296,-45.09532522332058
2001-09-07,16.193614788113084,-32.91681330456711,2.706542639329,-45.40449373770206
2001-09-08,15.825199346725489,-33.285576840772656,2.0763168916983954,-46.747686280790504
2001-09-09,16.583237398147247,-33.86941768476233,1.0526154392975409,-47.50762054860841
2001-09-10,16.11091415840029,-33.76077056004931,1.7209544256580291,-48.460800046623476
2001-09-11,15.631616760845858,-35.106278288069284,-1.6713455677643467,-48.305006115891885
2001-09-12,17.151620278346602,-34.58419503471646,-2.1784055239073354,-48.20852697328665
2001-09-13,15.97680017735154,-34.70648739274904,-2.6061147769649113,-49.06124120535404
2001-09-14,16.382452407156194,-32.106620228369984,-0.9406652705301968,-49.133314226676134
2001-09-15,17.266567061872056,-31.243912794300357,-1.5882032962160153,-48.48941015317552
2001-09-16,15.825574963365906,-32.049211186151936,-1.349450425809884,-48.90419781553265
2001-09-17,17.582053606396126,-31.40117075159659,-1.731488546975856,-49.37477752864613
2001-09-18,17.76902421460941,-32.456702040238774,-1.1358765936813076,-50.7500794785916
2001-09-19,18.392034410570147,-32.62129677221919,-0.7212630755900427,-51.76266540392957
2001-09-20,18.637019617658265,-30.208949030706535,-1.1784798280507074,-51.44526554360054
2001-09-21,20.142586567415574,-29.447244885846402,-0.7465943439060767,-52.45895481612173
2001-09-22,18.864998195118922,-29.39381244516394,-1.2098301992192788,-52.47801302989702
2001-09-23,19.07065486913844,-30.070240284006825,-0.7157271732053594,-50.61945684130592
2001-09-24,18.061313881757997,-30.539786642527737,-0.7653378318853572,-49.47899716736533
2001-09-25,16.874931881076293,-31.60493474691182,-2.9289988447017192,-49.91935938057918
2001-09-26,17.555077647098127,-30.53971003793368,-2.5718451833939877,-50.52031635996164
2001-09-27,18.2615492608005,-30.335391447317566,-4.492550782323917,-51.74841119257718
2001-09-28,19.773414565996795,-30.013186364342292,-5.867345170832497,-50.9284580845154
2001-09-29,20.834849525759434,-30.448220393801986,-5.209663074445711,-54.668558722467175
2001-09-30,21.808426320947593,-29.27306500188211,-6.3343657892094445,-54.38647332295187
2001-10-01,21.470305777900155,-29.375594482652936,-6.759246233744513,-55.718768789806695
2001-10-02,23.36070948098181,-29.685905332232153,-6.6544911894822825,-56.728169370058126
2001-10-03,22.323842319857462,-29.273306917156653,-6.12809910933117,-55.85024520073338
2001-10-04,23.42761632235115,-29.483514457657414,-6.572302173324118,-55.10343136788445
2001-10-05,22.790177118920713,-28.611755961759584,-6.197801886081829,-53.94840493330095
2001-10-06,23.460568807768546,-29.666201785650745,-7.063435527667856,-53.21591963629356
2001-10-07,25.36762465018632,-30.989013486433763,-7.040223923342583,-52.93424507881307
2001-10-08,23.841847138320773,-30.510888490070748,-7.1333467153900205,-55.03080256002872
2001-10-09,25.463575116570368,-31.37409670914182,-8.415850129685062,-54.61066093781702
2001-10-10,26.021061912475265,-30.637685305445547,-8.801853491894374,-54.62157527570793
2001-10-11,25.290255149301398,-31.947882611077755,-7.722722842840138,-54.72433796072573
2001-10-12,25.107940893878443,-33.947150203073086,-7.901093947120474,-55.56683245781718
2001-10-13,24.933327240728627,-34.166394354929956,-8.347558738453436,-54.62799381490604
2001-10-14,25.380381393052783,-33.03923984045841,-9.67238610841316,-55.27694974235386
2001-10-15,25.340100574730496,-33.44587881036184,-9.751643833909899,-56.45905314166218
2001-10-16,24.623922517468255,-35.087432765213855,-10.641669385683137,-55.764876421270166
2001-10-17,24.409715632702305,-33.58167952645635,-11.237203259988817,-55.645805340397835
2001-10-18,23.196463302549887,-30.981007656038944,-11.415823858689274,-54.81617550009842
2001-10-19,23.60984832341704,-31.56488647087822,-12.746725140224964,-54.66003237555961
2001-10-20,23.053058579053708,-31.720390772369953,-12.095423081427581,-54.58179121971923
2001-10-21,23.430174876422303,-31.57034419631418,-13.56267241407809,-53.18572902401789
2001-10-22,24.606027172857054,-32.7065090505709,-13.05737180265092,-53.847753294179746
2001-10-23,23.859110835793782,-32.71135071190595,-11.309703572153222,-52.78979573269786
2001-10-24,24.46433219412564,-33.86195634766,-8.755254153401843,-51.916064687037185
2001-10-25,22.11549477421053,-33.4624820124515,-9.243948869319926,-51.506082331088216
2001-10-26,22.516135141020055,-34.38100108892161,-7.418063117012232,-51.30629770966879
2001-10-27,23.457483047530463,-33.029577524173405,-8.156220714964219,-52.21806619447531
2001-10-28,24.57939039637823,-31.63674009141655,-9.533239285755355,-50.20682300831765
2001-10-29,24.343887082044375,-30.944955562904163,-8.96885107665063,-51.178165328150975
2001-10-30,23.47983894309715,-33.02854790219909,-10.120001212277192,-52.6606412888936
2001-10-31,23.520029458867445,-31.659145749477005,-10.147146142943667,-52.321787126710866
2001-11-01,24.298033002235375,-30.979436308456705,-10.532977643055169,-53.78513218754436
2001-11-02,23.868227492194723,-30.9164769531928,-11.404622855825979,-53.423171476843315
2001-11-03,23.57551539625258,-30.294655425681906,-12.207862332010803,-54.345139136152696
2001-11-04,25.349571733956516,-30.26589918796822,-11.654898482615266,-55.443561389044845
2001-11-05,24.97230727847439,-29.583729705160604,-10.089282622969181,-56.16804646384439
2001-11-06,24.169389867035424,-29.60639864550495,-11.613677772718043,-56.198179770322014
2001-11-07,24.10466148242003,-28.88164949517569,-10.199068030029073,-55.628335452521924
2001-11-08,24.84621253337972,-28.82937054404139,-10.558812606505233,-57.62431232167869
2001-11-09,23.959991714205103,-28.612103859348057,-12.204406330295225,-57.38142249889542
2001-11-10,23.559157003937152,-29.633663711929746,-12.674430646950228,-56.652640977633816
2001-11-11,24.444658113556628,-31.570685119378986,-12.823914659098898,-55.73875631935031
2001-11-12,24.18676325394727,-31.461869848464772,-14.319325534359168,-56.2187899761686
2001-11-13,26.015538683335496,-32.24993788298012,-15.759957877555184,-56.069318217610196
2001-11-14,26.804168016401235,-31.056127392354863,-16.277680519680455,-55.84684264098148
2001-11-15,27.348522894686628,-30.406916864520653,-16.82488326369,-54.13411771008578
2001-11-16,26.661225872135898,-29.699044705827518,-16.846794499835525,-54.7213362741103
2001-11-17,26.01837457317333,-30.285391616747752,-17.293665564888823,-55.74022187346621
2001-11-18,26.7157842763851,-30.988906932367975,-17.90868641358932,-55.25153128225798
2001-11-19,26.607822333251452,-32.410810567646884,-18.844695912133584,-55.44808852667897
2001-11-20,26.032834495883986,-31.660328030393845,-19.609097941124396,-56.41521559772218
2001-11-21,25.02228828710536,-31.253670783436206,-19.125626215038665,-58.08766018529306
2001-11-22,25.644363483623465,-30.39269751294026,-20.816623976847715,-58.77809161465402
2001-11-23,27.07325590798144,-29.38659580691501,-20.791831317596674,-58.27684221836459
2001-11-24,29.185275531601516,-28.88379883346239,-22.012640179015566,-56.91190321876377
2001-11-25,28.314336640976897,-27.889896597614555,-21.356369518058678,-56.022389665758006
2001-11-26,29.855269616386053,-29.35581092612251,-21.425958072997474,-54.07634016321213
2001-11-27,30.831651360906,-29.178652588781194,-22.449131203026425,-53.96961967026017
2001-11-28,29.91977006236199,-30.64701954524562,-21.872652499967874,-53.90431406492183
2001-11-29,29.146257259601278,-30.252071356283373,-22.37654238775602,-52.12475498071445
2001-11-30,29.11568481523132,-28.67498314381328,-23.189344488594912,-51.511405815310816
2001-12-01,30.959384791708885,-28.40389216159742,-22.052896861543395,-53.24973768348546
2001-12-02,31.666519536029814,-28.373506030132535,-21.287894884158888,-52.382072465472355
2001-12-03,29.410269418219393,-28.817108769738635,-21.95791816475835,-52.229908275466656
2001-12-04,27.469736021049677,-29.907617437220335,-20.955997461230684,-52.053015829414285
2001-12-05,26.38172147963303,-30.160834804275805,-19.85772440350484,-53.89258261538227
2001-12-06,26.17029286609077,-30.390498047566616,-19.670744989035793,-53.38880314921438
2001-12-07,28.080635367678813,-29.836716853140004,-20.258226456363353,-52.130853206268455
2001-12-08,27.221966969580883,-29.40052975779831,-18.68676340505363,-51.053538324900785
2001-12-09,28.033056646235405,-31.632067396520075,-18.787765922359004,-51.640913391450006
2001-12-10,29.357924917714126,-30.791418918381982,-18.526659740796045,-50.84647174314879
2001-12-11,28.70830843120209,-30.15713440799845,-18.431657078321212,-52.52967855016361
2001-12-12,29.052354569197014,-29.44997637736518,-17.23824249318058,-52.0022900225986
2001-12-13,30.059058493119352,-31.182303709448455,-17.6116546560309,-52.144800419678766
2001-12-14,29.729316128356835,-31.271345828944956,-18.18905090476967,-51.40863494043375
2001-12-15,28.738110579884353,-31.14617121724867,-18.11589819159617,-51.264697706054214
2001-12-16,27.790386262159288,-29.74694129256332,-18.342021917950703,-52.703551870900995
2001-12-17,28.591687280456316,-29.750272738497024,-18.43896347560813,-52.799423320951995
2001-12-18,28.987124244386607,-29.803515780624938,-19.21246305810259,-54.21860882884564
2001-12-19,29.290576176981237,-31.321722485814373,-18.09275533285372,-55.172469790599806
2001-12-20,28.44096215501539,-32.30362217886175,-19.455833001009424,-55.9450683502623
2001-12-21,28.15733670275888,-34.6312262215629,-21.901060491788126,-56.660933277585805
2001-12-22,29.040733545214945,-35.93166607816298,-21.977399575866766,-55.23037646200584
2001-12-23,27.717324961991064,-36.37002224432974,-22.72055205705553,-54.33840888000795
2001-12-24,28.181197727219583,-35.75236139759495,-20.224134994295678,-52.70893365719888
2001-12-25,28.082153025529184,-35.95435335285311,-21.672960882965448,-54.42309834463142
2001-12-26,28.03251145475131,-37.253748816235635,-21.047605453582765,-55.21481763235425
2001-12-27,27.449568060246335,-38.806429357294796,-18.937451929363863,-54.45598808333114
2001-12-28,26.739637819176753,-38.65528232514864,-17.614360621382676,-55.38381315755805
2001-12-29,28.64623650188287,-39.68745721956143,-17.791722104654173,-57.03419155320522
2001-12-30,26.107725375828245,-38.677366439025604,-17.70602001264078,-58.76805253351975
2001-12-31,24.467124170698305,-37.53200503936869,-17.856615121163504,-57.33660928642317
2002-01-01,25.103710938934608,-37.59856788692253,-17.824285140395247,-57.89168293366981
2002-01-02,25.201497048163617,-37.659552868932415,-16.986768467736344,-58.055101374745895
2002-01-03,26.025052540032355,-36.73892057815752,-16.806005860753963,-59.36806970874508
2002-01-04,25.864575833980073,-38.644995224143685,-18.01262748210643,-58.63765137558478
2002-01-05,26.359468623407608,-38.648204102578674,-18.31506063910386,-59.37705232180506
2002-01-06,25.846656540465762,-37.68295258530467,-17.838381381744025,-60.74826881534573
2002-01-07,26.045509383030318,-37.54298975561646,-16.189707908365943,-62.505820564829826
2002-01-08,25.262379843933736,-36.56936391940002,-17.300640132778184,-60.120198932487384
2002-01-09,24.08343562181212,-36.5402417741809,-16.741092574823185,-59.23916178995914
2002-01-10,24.798644106567167,-37.002319310466476,-15.827885569180356,-59.99381427775683
2002-01-11,24.263666963904335,-36.54567684929172,-14.318308611257693,-60.22198551516712
2002-01-12,23.373325431549162,-35.3359049419785,-15.583108643756972,-58.383804026130434
2002-01-13,22.38924274309094,-34.6949564951572,-14.656417418232433,-57.59876997166761
2002-01-14,22.61624538073091,-34.645426943289216,-16.309597919626757,-58.379589609379934
2002-01-15,23.340890068086487,-33.98205777667181,-17.34747922523773,-58.032610589484854
2002-01-16,23.592921056676616,-32.23113893421854,-17.765880384974018,-58.55246785762117
2002-01-17,22.669478088350466,-33.23041740503795,-17.39093202341293,-59.256808996700144
2002-01-18,23.74418194632064,-33.85771646635251,-15.856936348209512,-58.83908353877703
2002-01-19,24.002565572720492,-35.00814502918597,-15.52782216201051,-58.79356156225361
2002-01-20,24.634648176096754,-35.518992327444366,-16.981452038316824,-58.5183399633687
2002-01-21,24.774435422795978,-35.27509996691162,-15.975801875840142,-59.45798059616433
2002-01-22,22.392685285100917,-34.800072964564684,-15.569889355637038,-59.935036901983835
2002-01-23,22.563283486664805,-35.847853774289916,-17.676086567633565,-61.62794835036945
2002-01-24,22.605644626541828,-34.4651433594962,-18.065604955938657,-60.814010440202125
2002-01-25,22.011312655067258,-34.52058238237524,-17.26904423208009,-60.68083055509284
2002-01-26,21.46963430636699,-35.38588474589941,-17.361572357003823,-59.4987284623265
2002-01-27,19.89897971268452,-34.526553984372754,-17.077925364206035,-60.46784072922723
2002-01-28,19.880605983563495,-34.730589431104285,-18.02566572909149,-61.00727583908091
2002-01-29,18.624318682776607,-36.80211301851491,-17.874429291431557,-59.96278638903011
2002-01-30,20.257667744084575,-37.9134915663708,-15.727064126301226,-58.436479655854725
2002-01-31,21.681142778138526,-38.699157958937754,-16.28931575138268,-60.37483707375417
2002-02-01,21.872302014865102,-39.092760882859984,-16.127525063331042,-61.209355109062194
2002-02-02,22.545172483007363,-38.74957277324422,-17.271648143018762,-61.255243054573484
2002-02-03,22.82985698399322,-36.741131217032645,-17.17586729591976,-62.195652051727855
2002-02-04,22.51359393222099,-36.77235468290507,-17.309462584556652,-64.03712394474711
2002-02-05,22.182017037006467,-37.46566357752988,-17.569975545788317,-61.91616153939817
2002-02-06,21.349726429625253,-36.02772257342974,-16.409357401444826,-61.23266372042259
2002-02-07,21.352836847996542,-35.37332915253886,-16.859277179656573,-61.77912285183493
2002-02-08,20.60497517585468,-35.0994275615917,-17.06904776163246,-62.018707917833545
2002-02-09,22.025203988569437,-35.804176073374165,-16.333682866309353,-62.540635534975685
2002-02-10,20.433008962805943,-37.23012652121455,-16.82523523895922,-61.911024045270246
2002-02-11,21.074795357135603,-37.47081367388866,-16.2068135301041,-61.83476093519449
2002-02-12,20.813305037897553,-36.61608240741628,-15.018919629744286,-60.81873354259578
2002-02-13,20.506432076908908,-36.04837477955814,-17.14816530127573,-60.62366661986255
2002-02-14,20.867434442644164,-35.89639958060235,-17.37043803123079,-59.318893433610285
2002-02-15,20.77419674190315,-36.03593751608849,-17.6113747777466,-58.284788054293216
2002-02-16,20.481737118113475,-36.87028688407506,-17.72013331935352,-56.5770742964178
2002-02-17,20.181051003243955,-36.254515249839706,-17.99824405816949,-56.85382111112437
2002-02-18,19.620209619474657,-37.470819309185124,-18.108025686579605,-56.13536535855389
2002-02-19,21.19640258304332,-37.02894981293157,-18.924886764891706,-55.38986075864352
2002-02-20,21.650431756901703,-35.63058662199177,-16.835276308894787,-54.175253003429496
2002-02-21,21.257673558140496,-35.78981616569227,-15.677335779488153,-54.682946139366074
2002-02-22,21.117190093706153,-35.155475924967,-14.606729724900376,-54.46003537014418
2002-02-23,18.224670271707016,-34.81610996028581,-14.918778920232485,-55.43595636727239
2002-02-24,18.248800437827867,-33.69564581042676,-16.04865614962631,-53.84603337587511
2002-02-25,19.227530538550372,-32.7614821853104,-16.86336474383662,-54.09727582305363
2002-02-26,18.844695666859494,-32.76114122737672,-16.925569544496522,-54.414624703872654
2002-02-27,18.6667683207382,-32.9727615443379,-16.658085681437957,-56.06644173926775
2002-02-28,19.153346669565693,-31.275489845954954,-15.585584834154204,-57.01233896572508
2002-03-01,20.19795469327605,-28.98586199335591,-15.828141093656466,-56.29130704443218
2002-03-02,22.497335093255643,-27.95556636576222,-14.27742049245397,-57.386532599940914
2002-03-03,22.732955951223207,-27.563597263123768,-13.713133363161068,-56.597025053535155
2002-03-04,22.889131008483204,-28.875991399134588,-12.646860948533813,-56.218164724883714
2002-03-05,21.710514378883346,-28.11699557830709,-12.093880936068205,-55.681130177209056
2002-03-06,21.423679170688786,-26.48258993338719,-11.52265430505965,-56.47108423735125
2002-03-07,19.880921230251108,-27.249922116178304,-13.892277598361865,-56.73164408139837
2002-03-08,20.009878280843104,-28.45758855090063,-14.437721189197335,-55.178361431253606
2002-03-09,20.117169616502768,-26.922245006865833,-14.622672606258371,-55.3551441445801
2002-03-10,17.917915571175048,-26.192956259662967,-13.52211436620968,-55.69751218843333
2002-03-11,17.607611345844973,-25.379919881669007,-14.258411456105057,-56.479836507441405
2002-03-12,17.924709512008217,-25.986171229653824,-13.647353572025409,-57.40014602269085
2002-03-13,19.434218431139275,-25.329707545398637,-13.581502392925263,-58.2737766552368
2002-03-14,18.376464531266787,-26.226944576081216,-15.013705692062238,-56.933346337259174
2002-03-15,18.718539370343557,-25.15631624564805,-13.274640656675977,-55.626740313802344
2002-03-16,19.168156161838688,-25.56736669148044,-12.525341101669778,-55.415602544683146
2002-03-17,18.907505021142036,-26.082565062434256,-11.446124325277545,-53.938139758030076
2002-03-18,18.63239629735181,-26.519572775271115,-10.747954586537688,-54.57331615656628
2002-03-19,19.236072984308894,-24.782643169393378,-11.16578902263224,-54.54880292436188
2002-03-20,21.22576606182403,-25.155811482376016,-11.024752291083688,-55.490618398771886
2002-03-21,20.522931465590766,-26.53464845425669,-8.099502707013036,-54.918866407561325
2002-03-22,20.477055916387396,-27.591712745730185,-9.924195770231169,-54.67712811926879
2002-03-23,20.331904097272318,-27.089720081872716,-9.231866929149197,-53.66485307651171
2002-03-24,20.289726984555763,-26.467709617110025,-9.639403057351107,-54.51629947512644
2002-03-25,19.951543715805553,-25.698741876647436,-9.032905388821673,-54.52891261746061
2002-03-26,20.273971438676643,-24.091233534137363,-10.835315497317994,-55.78398051391781
2002-03-27,20.260937679265666,-23.390876196960182,-11.050588731858511,-54.88089205904879
2002-03-28,17.253500474822108,-25.721343454613326,-11.618392019538035,-52.21356997016461
2002-03-29,17.25343212225039,-27.96279242241842,-11.978421752361907,-51.596076088596774
2002-03-30,18.215654503462115,-27.492243511223652,-12.214225957745631,-50.917286794384985
2002-03-31,19.369272535044608,-28.046976317055012,-12.337826719172584,-51.05338450039516
2002-04-01,17.663730128664007,-29.304072741295062,-14.656451707013627,-50.969046575217035
2002-04-02,17.366056876373026,-29.643105616985586,-14.690855456209851,-50.44977738661758
2002-04-03,16.693473778703485,-28.46949439123388,-16.283084943862494,-50.46342658741669
2002-04-04,16.595128288501108,-27.619617316322316,-16.77807065376803,-49.394695729080944
2002-04-05,16.361261877886577,-27.721422423042558,-16.927147816501865,-48.69659948661078
2002-04-06,17.21441004233798,-28.326163219186174,-18.3360387784703,-49.677701102809074
2002-04-07,17.37959311033995,-28.342809074698707,-18.195106107756313,-50.40287323286688
2002-04-08,18.17533392543185,-28.519247615959678,-19.8285406375589,-50.24752345305174
2002-04-09,18.722759923760343,-28.37548730474279,-19.69831965834317,-50.02035150157168
2002-04-10,17.669030795643806,-26.843734280316863,-20.024813242087525,-48.55350633109576
2002-04-11,17.114901928128834,-25.877058907476663,-19.784633593360063,-48.45319189746121
2002-04-12,16.17611047124445,-24.671240351059502,-19.365661582601586,-48.543441967436785
2002-04-13,17.38348545801245,-24.582660153665987,-17.15585599331096,-47.5267648474854
2002-04-14,17.052776382205383,-23.224278265794982,-17.094999608783105,-45.52087340711023
2002-04-15,17.134434745382514,-23.30348763146676,-17.001031309027677,-45.12136672403227
2002-04-16,18.683746005850367,-23.010630710824287,-17.107746234032657,-45.61482674510097
2002-04-17,19.469427301618936,-23.564975841437818,-18.27657655599998,-46.55707318540723
2002-04-18,19.004499697234564,-23.689410212846653,-17.223404486143693,-47.134316737150186
2002-04-19,20.201628149702323,-25.327116499993554,-14.588801685305286,-48.72074066237028
2002-04-20,20.39971518819546,-25.544696517385066,-15.37411640714822,-48.044331977825294
2002-04-21,21.456929352389906,-25.71688262756163,-14.164731495184334,-47.9802742858224
2002-04-22,20.39314938564524,-25.79607013336747,-14.692227561473103,-47.520059514217294
2002-04-23,19.993982493383893,-25.8702533287168,-15.777585003704637,-46.45070304609257
2002-04-24,19.638354069922844,-26.93973043950486,-13.146110701856795,-47.86367742001461
2002-04-25,20.145784375724958,-29.103396000508642,-12.83758795221597,-47.67556389999636
2002-04-26,19.893406407040786,-30.466940010963274,-13.696118897368914,-48.48212467449769
2002-04-27,18.71928277785028,-31.41498585542963,-12.260993006064687,-48.09091566232443
2002-04-28,20.050110428189086,-32.40382795915176,-12.692296243760367,-49.827965216771304
2002-04-29,18.859654695896115,-32.69494110684734,-13.112902596633035,-48.05061144125029
2002-04-30,18.967701269367986,-32.96004099058981,-12.653440004553618,-48.023732888507894
2002-05-01,17.881997732770138,-33.58692873455256,-11.254483121926311,-46.71994518754351
2002-05-02,18.139233051106313,-32.56744350291324,-9.611673887533998,-47.161670899761255
2002-05-03,18.32354789090494,-32.34635259995665,-10.438487419226965,-46.71523927168673
2002-05-04,17.179869871862966,-32.24409261478508,-10.707401311066569,-46.285692154774
2002-05-05,15.82500865837994,-32.765192090178935,-8.82423716443339,-46.42053820566766
2002-05-06,15.89315281655946,-33.43476347510706,-8.778866237596644,-46.04076681912866
2002-05-07,15.41758883438444,-33.68425977548624,-8.945325964280336,-45.745029380282524
2002-05-08,16.548106169596185,-34.35358547414389,-8.139345303769385,-44.94042365616705
2002-05-09,16.80293851493912,-33.27193372149921,-8.040276940687383,-44.832607369129576
2002-05-10,16.62938606589722,-33.542297513036075,-8.25077508971374,-46.693428543126686
2002-05-11,17.229659720683983,-33.864553916035284,-9.719640966400394,-45.723106555901424
2002-05-12,16.254117482746228,-33.0050617801866,-10.46119693878706,-44.764218967111454
2002-05-13,18.153038505622725,-34.6001244203165,-10.716159147207177,-43.80741041354575
2002-05-14,18.432727575336756,-34.31842790699305,-9.80055570897036,-44.59627067037738
2002-05-15,17.149680616051562,-35.03223772491267,-8.467003546816933,-45.360177121016264
2002-05-16,15.61472251567971,-33.875456723438425,-8.979184958261333,-45.80918587962636
2002-05-17,14.220850160050437,-33.345067987132246,-8.411218935056818,-46.35964173548261
2002-05-18,13.027117708198169,-35.237168005033,-7.843160642153314,-43.76314645432905
2002-05-19,13.43144061935782,-34.62884607237365,-7.6965994243337414,-43.413569849915895
2002-05-20,13.19842416199786,-34.3346574284402,-8.497606273912186,-44.65426313224306
2002-05-21,13.30966281978543,-34.23649518498092,-9.672028716155799,-45.20569455031405
2002-05-22,12.959589791712526,-33.520711701738186,-9.513361167216845,-45.37330462930555
2002-05-23,11.36737390692694,-33.250301142531924,-8.9841619222993,-43.17519213312018
2002-05-24,11.813707342906463,-32.32619044676835,-8.050501378327157,-44.98789430827009
2002-05-25,11.689089325648242,-32.495835788610826,-8.510470903332187,-44.1313605130514
2002-05-26,13.31581010195108,-33.420305412592754,-8.66646509862906,-43.706362999280614
2002-05-27,12.536258694621313,-35.5368415891523,-8.88152812434768,-44.810453708602786
2002-05-28,10.597799740062879,-34.634944558283955,-7.246046834066086,-44.28152746129208
2002-05-29,11.013763667179257,-34.20086154363664,-7.323654799249035,-43.83235846951175
2002-05-30,10.882461759696849,-34.95179652568908,-6.046003013880956,-43.0835969171415
2002-05-31,13.539734808811025,-35.7704038007688,-7.491154175083779,-41.741833725868304
2002-06-01,13.43454525328711,-34.41361655571533,-5.477140082551637,-43.11446337425604
2002-06-02,12.577116852350155,-36.09490500603866,-5.627738736741589,-43.83552737103685
2002-06-03,10.636234424159593,-35.99499994645031,-4.345902291813879,-44.80560677244218
2002-06-04,11.881610973599926,-35.29812857234991,-4.410454310771414,-45.86344709742229
2002-06-05,11.412388697295748,-33.169733089811764,-4.7996951055756485,-45.29383416012806
2002-06-06,11.138089233874117,-34.2681499474733,-4.109974243615119,-43.64458591825041
2002-06-07,12.203221875063978,-32.65910497158682,-3.966957569320559,-43.647143013455405
2002-06-08,12.730902352260221,-32.88172623067625,-4.458442589308875,-45.24098252197495
2002-06-09,13.74927544830903,-32.83204101473968,-6.060291342896767,-47.05939322858919
2002-06-10,15.520932116101413,-31.75643773152644,-5.676888542149581,-48.52639068854235
2002-06-11,15.256150353320399,-32.78851674353805,-6.04132362269017,-48.743264899472834
2002-06-12,14.530868306411742,-34.18228619407361,-5.302618304895576,-48.49391796385975
2002-06-13,15.079420084814966,-33.04738799472107,-4.1996709018468525,-46.83068773006227
2002-06-14,16.005286280903466,-32.588272048536176,-4.612016350136717,-48.12041907860497
2002-06-15,16.5955452887905,-32.88033266058381,-2.6143900597528873,-48.624972051951765
2002-06-16,16.8756237885777,-32.59566850794812,-4.08762394024446,-49.390069219982266
2002-06-17,14.888963513795565,-32.32116488762772,-3.900943179781572,-48.64630625858138
2002-06-18,14.163774811707402,-33.380690461758704,-4.222905854664456,-48.233050287533885
2002-06-19,13.080780682065342,-32.99884178796201,-3.7326527690303846,-47.412733789386984
2002-06-20,12.723315013379642,-32.91170403800868,-2.5041508729066004,-48.112702309506325
2002-06-21,12.685071390573048,-30.905677637831687,-2.200104206386945,-47.16942857218106
2002-06-22,12.985549762498497,-29.898743812912596,-1.7154239184353188,-47.38884838794322
2002-06-23,12.745265379635885,-30.127163429211723,-1.057635537961838,-47.36447629033747
2002-06-24,12.728527091288436,-30.04671825392651,-0.7831364592325212,-45.80122866809765
2002-06-25,11.8019473934805,-28.96814696782916,-1.2093567718584102,-46.136280499895385
2002-06-26,11.653654822163945,-30.322731586427274,-1.844201099201221,-46.272152566832915
2002-06-27,11.056884001124464,-29.02564996650204,-2.668348368006673,-46.43940513643614
2002-06-28,10.452850915484765,-27.774357633702035,-4.011214987165572,-46.024154343788176
2002-06-29,11.649720659347626,-26.366653804619006,-3.8343277257070056,-44.29582243202252
2002-06-30,10.698037105440841,-26.918230492214896,-4.3734471605681415,-44.03855107252371
2002-07-01,8.584105156765098,-25.96969757003244,-3.1421710740288127,-44.3267376041456
2002-07-02,9.842302093759079,-25.39594137165539,-4.119045715020892,-45.017767128069224
2002-07-03,9.335010645209692,-25.067188295517113,-3.1784584516981336,-44.345760114244094
2002-07-04,8.714735061977336,-24.954338662219833,-3.7916622643291866,-42.76348943072825
2002-07-05,8.330296966043072,-25.021713660805162,-4.075072273483844,-43.963007378365816
2002-07-06,8.251262288632478,-24.19984065410583,-4.245822545372127,-45.61403810567252
2002-07-07,8.042636625138108,-24.910787723540217,-4.193475691552885,-44.6486784367034
2002-07-08,7.342428146255559,-25.06629526846053,-4.147114274865601,-46.0763538487389
2002-07-09,7.695361966513191,-25.360453892514258,-5.103426271957742,-47.42212711590102
2002-07-10,7.652863856719628,-24.5399518287878,-4.612431099261368,-48.60016943911791
2002-07-11,7.311784647183618,-24.08127170274489,-3.4196224541992972,-47.092553912468546
2002-07-12,7.527714564958727,-23.005071379207248,-4.818978424984129,-46.58393117652069
2002-07-13,9.120140272293447,-23.046514060618243,-3.4430368457260796,-45.22832704799148
2002-07-14,9.745465450918903,-21.37101230411631,-3.733232976763285,-45.457322463080885
2002-07-15,11.27011188171852,-20.981817463454693,-4.976177282249665,-45.43022348662157
2002-07-16,14.250088053477175,-23.35062091608785,-3.653983124048863,-45.93889873850544
2002-07-17,14.778526818793294,-22.525404193757414,-5.002414725102133,-47.49702288200769
2002-07-18,13.90866134289512,-22.623242526654707,-6.684915873695203,-46.8407633234873
2002-07-19,14.500893026523924,-22.324907441400363,-6.460131214024644,-48.15964123299371
2002-07-20,14.184988590697278,-22.283229926508263,-5.686613813653242,-48.028659527423045
2002-07-21,15.852147809157632,-21.65878260725783,-5.632052428948248,-47.57626010931935
2002-07-22,17.46694418824366,-22.785623462626365,-5.992136547519222,-47.92595113376331
2002-07-23,16.79618567197908,-23.74220347144099,-5.394197341518107,-48.38272552757619
2002-07-24,17.407281617863994,-24.20265718749941,-6.656216551994548,-47.18467825293795
2002-07-25,19.20569369979131,-23.977978332225824,-6.133131226357356,-45.44791120903637
2002-07-26,19.714347188054212,-22.812939485945808,-5.420010909824753,-44.12793430516056
2002-07-27,20.025456605359,-22.514007106403696,-4.811338210484766,-45.4774806610371
2002-07-28,19.152140266608388,-21.1529652605095,-3.3906834495875247,-45.047106497442265
2002-07-29,18.200148589355162,-19.950197399895227,-3.310757184571204,-46.21736764948831
2002-07-30,18.81969141360785,-19.057708395338555,-2.4346424184459874,-46.52694856166877
2002-07-31,18.300087174506007,-20.364580038142247,-0.9150435652587987,-46.31408717451186
2002-08-01,19.866585055394612,-20.62348543906499,0.7964454226411508,-48.1349033736372
2002-08-02,20.030079572242634,-21.43660246189815,0.19109084300573942,-49.46242717842062
2002-08-03,19.385907957411174,-19.527719026692942,-0.37245446669585824,-48.379954624440366
2002-08-04,17.433997129110786,-17.086502867376414,-0.3897395525631433,-47.46767259686875
2002-08-05,18.673655626483118,-17.659870267943607,0.03514993430569335,-47.738932612100676
2002-08-06,17.990088081591278,-19.19730787784713,-0.06622449363635431,-46.99226689468266
2002-08-07,18.919269891758617,-18.967889870204846,0.34818138308061947,-46.68254306975136
2002-08-08,18.18181369788217,-20.504809753428088,-0.21407344608442996,-48.28205419305393
2002-08-09,19.006203628226285,-18.013323551230428,0.7977817174459274,-48.56329213248684
2002-08-10,19.022910135829168,-16.859403882084283,0.19686668102921046,-48.430354865384444
2002-08-11,16.852935708492577,-17.97596275857939,-0.37250132462708074,-47.79408816527793
2002-08-12,16.085286478850577,-17.357483275250804,-0.18934010447139524,-45.93473689228368
2002-08-13,15.00977184392605,-19.37670298609539,-2.6268045622372544,-46.08330040216947
2002-08-14,16.160923305537036,-19.191379602697,-1.9683436360655064,-46.13283650406464
2002-08-15,16.398322155059432,-20.70295992583854,-0.03597330340141114,-45.65041447004279
2002-08-16,15.082539106074993,-22.666574988502074,0.4970948804421441,-45.75973768702231
2002-08-17,14.799355686620824,-21.23283114309269,-0.07152235990738942,-46.60958415003552
2002-08-18,15.523802183391888,-20.626932795116442,-1.361780840799915,-45.82015104356871
2002-08-19,17.484715927706354,-20.962472604060505,-1.9693930261376913,-46.54739292460655
2002-08-20,18.336124598878733,-20.074056023875734,-3.0807163375494273,-45.40954855955499
2002-08-21,19.611673878289263,-19.779456612108365,-5.266395864010688,-44.617171106560114
2002-08-22,17.986632455457674,-19.03962589426024,-4.252126756358512,-43.6589630062809
2002-08-23,15.371261529697541,-19.767756722013562,-3.509628289168522,-43.74110696639736
2002-08-24,13.846359656733233,-20.205935773498243,-3.515019948038371,-45.45319182843577
2002-08-25,15.551945959220042,-19.394745910735764,-3.365659035685435,-46.188647509946605
2002-08-26,15.238979431887017,-20.048162125081028,-4.356884772680521,-46.03968112924802
2002-08-27,16.342303032782166,-20.238210923662493,-4.769148653344233,-45.86106093042208
2002-08-28,17.123984185759056,-20.76285132622801,-6.150245351252305,-44.9155847468819
2002-08-29,15.762293105813313,-20.227863694774744,-6.246204648660168,-45.81199163047395
2002-08-30,17.149474541587228,-19.23047063330264,-5.669737011270992,-45.371990791988225
2002-08-31,17.62494464606906,-20.214047969077217,-6.231730723103642,-47.012994011417796
2002-09-01,17.917227383111438,-18.78094307800914,-6.615442024566139,-46.775501419096464
2002-09-02,17.38447221652045,-19.252122920852305,-6.955526553749573,-48.23870708315844
2002-09-03,18.523070472227992,-19.25714775057995,-5.983938856550777,-47.93636585948079
2002-09-04,17.716834765969086,-19.57405969849833,-7.57080405928721,-47.14767877539223
2002-09-05,17.854059540225446,-20.359240223725234,-9.077374269906533,-47.724088611943486
2002-09-06,16.746771118197355,-20.22395769224707,-10.130151886005544,-45.67179518695632
2002-09-07,17.73208003762336,-20.59679781018163,-11.616387688678198,-45.783456563897694
2002-09-08,15.772464682390204,-19.53609656177585,-10.825089741039559,-44.33481181930087
2002-09-09,15.215810173525055,-18.730532212368367,-9.441048791604398,-44.77047651554286
2002-09-10,14.481968341244928,-17.382419023228856,-9.295572365199522,-44.34517863063384
2002-09-11,14.393928519252961,-18.63089249711686,-8.190975143409823,-46.37456455356879
2002-09-12,15.391904437741772,-18.910130965598455,-8.378607594942222,-46.90710534812966
2002-09-13,15.918754880458193,-18.50138594669501,-6.76710910376718,-47.09117758754389
2002-09-14,15.73669376949711,-18.855181127486798,-6.6631779979816415,-47.540158116942216
2002-09-15,16.89196015421242,-17.484780985256684,-8.585564110808138,-48.829018835636106
2002-09-16,15.87317662073306,-16.82316465442976,-9.477602641723404,-48.2771294437098
2002-09-17,17.24450658898397,-16.052279215125644,-10.522420895562675,-49.47703390698364
2002-09-18,14.5764452404179,-15.562267140085218,-11.777459870859568,-49.43463954217553
2002-09-19,14.807233427082227,-16.87204154714551,-10.83406713470441,-50.47060620805245
2002-09-20,14.213077466103218,-18.05431725557042,-10.785027488914404,-51.13524988036232
2002-09-21,16.48313625855802,-18.69791131556231,-10.59865366696391,-51.415564638983
2002-09-22,17.369794860487985,-18.694002294843905,-12.060424990324222,-51.21668870645377
2002-09-23,17.80976977933753,-19.97313760070916,-13.103218736172456,-51.87229581373338
2002-09-24,18.066923987838212,-20.329946873257203,-15.355465594630488,-52.63257131854106
2002-09-25,19.2020799198511,-19.69726576299068,-14.701602408651027,-52.688639816558016
2002-09-26,21.375075839630057,-19.76599653992977,-14.932921708796048,-53.1609859976518
